2021-10-14 06:39:15,665:INFO:PyCaret Supervised Module
2021-10-14 06:39:15,666:INFO:ML Usecase: classification
2021-10-14 06:39:15,666:INFO:version 2.3.4
2021-10-14 06:39:15,666:INFO:Initializing setup()
2021-10-14 06:39:15,667:INFO:setup(display=None, profile_kwargs=None, profile=False, verbose=True, silent=True, log_data=False, log_profile=False, log_plots=False, experiment_name=None, log_experiment=False, session_id=None, html=True, custom_pipeline=None, use_gpu=False, n_jobs=-1, fold_groups=None, fold_shuffle=False, fold=10, fold_strategy=stratifiedkfold, data_split_stratify=False, data_split_shuffle=True, transform_target_method=box-cox, transform_target=False, fix_imbalance_method=None, fix_imbalance=False, interaction_threshold=0.01, feature_ratio=False, feature_interaction=False, feature_selection_method=classic, feature_selection_threshold=0.8, feature_selection=False, group_names=None, group_features=None, polynomial_threshold=0.1, trigonometry_features=False, polynomial_degree=2, polynomial_features=False, cluster_iter=20, create_clusters=False, remove_perfect_collinearity=True, multicollinearity_threshold=0.9, remove_multicollinearity=False, outliers_threshold=0.05, remove_outliers=False, bin_numeric_features=None, rare_level_threshold=0.1, combine_rare_levels=False, ignore_low_variance=False, pca_components=None, pca_method=linear, pca=False, unknown_categorical_method=least_frequent, handle_unknown_categorical=True, transformation_method=yeo-johnson, transformation=False, normalize_method=zscore, normalize=False, ignore_features=['Name', 'Ticket', 'Cabin'], date_features=None, numeric_iterative_imputer=lightgbm, numeric_imputation=mean, numeric_features=None, high_cardinality_method=frequency, high_cardinality_features=None, ordinal_features=None, categorical_iterative_imputer=lightgbm, categorical_imputation=constant, categorical_features=['Sex', 'Embarked'], iterative_imputation_iters=5, imputation_type=simple, preprocess=True, test_data=None, train_size=0.7, available_plots={'parameter': 'Hyperparameters', 'auc': 'AUC', 'confusion_matrix': 'Confusion Matrix', 'threshold': 'Threshold', 'pr': 'Precision Recall', 'error': 'Prediction Error', 'class_report': 'Class Report', 'rfe': 'Feature Selection', 'learning': 'Learning Curve', 'manifold': 'Manifold Learning', 'calibration': 'Calibration Curve', 'vc': 'Validation Curve', 'dimension': 'Dimensions', 'feature': 'Feature Importance', 'feature_all': 'Feature Importance (All)', 'boundary': 'Decision Boundary', 'lift': 'Lift Chart', 'gain': 'Gain Chart', 'tree': 'Decision Tree', 'ks': 'KS Statistic Plot'}, ml_usecase=classification, target=Survived)
2021-10-14 06:39:15,667:INFO:Checking environment
2021-10-14 06:39:15,667:INFO:python_version: 3.6.6
2021-10-14 06:39:15,667:INFO:python_build: ('default', 'Oct  9 2018 12:34:16')
2021-10-14 06:39:15,667:INFO:machine: x86_64
2021-10-14 06:39:15,669:INFO:platform: Linux-5.4.144+-x86_64-with-debian-9.9
2021-10-14 06:39:15,669:INFO:Memory: svmem(total=18881490944, available=18004926464, percent=4.6, used=543805440, free=12207198208, active=1622134784, inactive=4413628416, buffers=1054924800, cached=5075562496, shared=856064, slab=531271680)
2021-10-14 06:39:15,670:INFO:Physical Core: 2
2021-10-14 06:39:15,670:INFO:Logical Core: 4
2021-10-14 06:39:15,670:INFO:Checking libraries
2021-10-14 06:39:15,670:INFO:pd==0.25.3
2021-10-14 06:39:15,670:INFO:numpy==1.18.2
2021-10-14 06:39:15,670:INFO:sklearn==0.23.2
2021-10-14 06:39:15,671:INFO:lightgbm==2.3.1
2021-10-14 06:39:15,790:INFO:catboost==0.22
2021-10-14 06:39:16,690:INFO:xgboost==1.0.2
2021-10-14 06:39:17,148:INFO:mlflow==1.20.2
2021-10-14 06:39:17,149:INFO:Checking Exceptions
2021-10-14 06:39:17,149:INFO:Declaring global variables
2021-10-14 06:39:17,149:INFO:USI: ce46
2021-10-14 06:39:17,149:INFO:pycaret_globals: {'fold_generator', '_all_metrics', '_all_models', 'imputation_regressor', 'fold_groups_param_full', 'USI', '_available_plots', 'X_train', '_all_models_internal', 'logging_param', '_internal_pipeline', 'imputation_classifier', 'display_container', 'fold_shuffle_param', 'target_param', '_ml_usecase', 'gpu_param', 'create_model_container', 'fold_param', 'y_test', 'transform_target_method_param', '_gpu_n_jobs_param', 'prep_pipe', 'data_before_preprocess', 'fix_imbalance_param', 'html_param', 'seed', 'stratify_param', 'fold_groups_param', 'exp_name_log', 'y_train', 'y', 'n_jobs_param', 'X', 'fix_imbalance_method_param', 'master_model_container', 'transform_target_param', 'iterative_imputation_iters_param', 'pycaret_globals', 'X_test', 'log_plots_param', 'experiment__'}
2021-10-14 06:39:17,149:INFO:Preparing display monitor
2021-10-14 06:39:17,149:INFO:Preparing display monitor
2021-10-14 06:39:17,171:INFO:Importing libraries
2021-10-14 06:39:17,172:INFO:Copying data for preprocessing
2021-10-14 06:39:17,182:INFO:Declaring preprocessing parameters
2021-10-14 06:39:17,190:INFO:Creating preprocessing pipeline
2021-10-14 06:39:17,210:INFO:Preprocessing pipeline created successfully
2021-10-14 06:39:17,211:ERROR:(Process Exit): setup has been interupted with user command 'quit'. setup must rerun.
2021-10-14 06:39:17,211:INFO:Creating global containers
2021-10-14 06:39:17,212:INFO:Internal pipeline: Pipeline(memory=None, steps=[('empty_step', 'passthrough')], verbose=False)
2021-10-14 06:39:17,690:WARNING:Wrong xgboost version. Expected xgboost>=1.1.0, got xgboost==1.0.2
2021-10-14 06:39:17,690:WARNING:Wrong catboost version. Expected catboost>=0.23.2, got catboost==0.22
2021-10-14 06:39:17,785:WARNING:Wrong xgboost version. Expected xgboost>=1.1.0, got xgboost==1.0.2
2021-10-14 06:39:17,786:WARNING:Wrong catboost version. Expected catboost>=0.23.2, got catboost==0.22
2021-10-14 06:39:17,786:INFO:Creating grid variables
2021-10-14 06:39:17,872:INFO:create_model_container: 0
2021-10-14 06:39:17,872:INFO:master_model_container: 0
2021-10-14 06:39:17,872:INFO:display_container: 1
2021-10-14 06:39:17,879:INFO:Pipeline(memory=None,
         steps=[('dtypes',
                 DataTypes_Auto_infer(categorical_features=['Sex', 'Embarked'],
                                      display_types=False,
                                      features_todrop=['Name', 'Ticket',
                                                       'Cabin'],
                                      id_columns=['PassengerId'],
                                      ml_usecase='classification',
                                      numerical_features=[], target='Survived',
                                      time_features=[])),
                ('imputer',
                 Simple_Imputer(categorical_strategy='not_available',
                                fill_value_c...
                ('scaling', 'passthrough'), ('P_transform', 'passthrough'),
                ('binn', 'passthrough'), ('rem_outliers', 'passthrough'),
                ('cluster_all', 'passthrough'),
                ('dummy', Dummify(target='Survived')),
                ('fix_perfect', Remove_100(target='Survived')),
                ('clean_names', Clean_Colum_Names()),
                ('feature_select', 'passthrough'), ('fix_multi', 'passthrough'),
                ('dfs', 'passthrough'), ('pca', 'passthrough')],
         verbose=False)
2021-10-14 06:39:17,879:INFO:setup() succesfully completed......................................
2021-10-14 06:39:18,008:INFO:Initializing compare_models()
2021-10-14 06:39:18,009:INFO:compare_models(display=None, verbose=True, groups=None, fit_kwargs=None, errors=ignore, turbo=True, budget_time=None, n_select=1, sort=Accuracy, cross_validation=True, round=4, fold=None, include=None, exclude=None)
2021-10-14 06:39:18,009:INFO:Checking exceptions
2021-10-14 06:39:18,011:INFO:Preparing display monitor
2021-10-14 06:39:18,011:INFO:Preparing display monitor
2021-10-14 06:39:18,046:INFO:Initializing Logistic Regression
2021-10-14 06:39:18,046:INFO:Total runtime is 4.2478243509928385e-06 minutes
2021-10-14 06:39:18,056:INFO:SubProcess create_model() called ==================================
2021-10-14 06:39:18,057:INFO:Initializing create_model()
2021-10-14 06:39:18,057:INFO:create_model(kwargs={}, display=<pycaret.internal.Display.Display object at 0x7fbb01af3630>, add_to_model_list=True, metrics=None, system=False, verbose=False, refit=False, groups=None, fit_kwargs={}, predict=True, cross_validation=True, round=4, fold=StratifiedKFold(n_splits=10, random_state=None, shuffle=False), estimator=lr)
2021-10-14 06:39:18,057:INFO:Checking exceptions
2021-10-14 06:39:18,058:INFO:Importing libraries
2021-10-14 06:39:18,058:INFO:Copying training dataset
2021-10-14 06:39:18,059:INFO:Defining folds
2021-10-14 06:39:18,059:INFO:Declaring metric variables
2021-10-14 06:39:18,069:INFO:Importing untrained model
2021-10-14 06:39:18,079:INFO:Logistic Regression Imported succesfully
2021-10-14 06:39:18,099:INFO:Starting cross validation
2021-10-14 06:39:18,100:INFO:Cross validating with StratifiedKFold(n_splits=10, random_state=None, shuffle=False), n_jobs=-1
2021-10-14 06:39:22,226:INFO:Calculating mean and std
2021-10-14 06:39:22,228:INFO:Creating metrics dataframe
2021-10-14 06:39:22,236:INFO:Uploading results into container
2021-10-14 06:39:22,237:INFO:Uploading model into container now
2021-10-14 06:39:22,237:INFO:create_model_container: 1
2021-10-14 06:39:22,237:INFO:master_model_container: 1
2021-10-14 06:39:22,237:INFO:display_container: 2
2021-10-14 06:39:22,238:INFO:LogisticRegression(C=1.0, class_weight=None, dual=False, fit_intercept=True,
                   intercept_scaling=1, l1_ratio=None, max_iter=1000,
                   multi_class='auto', n_jobs=None, penalty='l2',
                   random_state=458, solver='lbfgs', tol=0.0001, verbose=0,
                   warm_start=False)
2021-10-14 06:39:22,238:INFO:create_model() succesfully completed......................................
2021-10-14 06:39:22,378:INFO:SubProcess create_model() end ==================================
2021-10-14 06:39:22,378:INFO:Creating metrics dataframe
2021-10-14 06:39:22,401:INFO:Initializing K Neighbors Classifier
2021-10-14 06:39:22,401:INFO:Total runtime is 0.07258896430333454 minutes
2021-10-14 06:39:22,411:INFO:SubProcess create_model() called ==================================
2021-10-14 06:39:22,412:INFO:Initializing create_model()
2021-10-14 06:39:22,412:INFO:create_model(kwargs={}, display=<pycaret.internal.Display.Display object at 0x7fbb01af3630>, add_to_model_list=True, metrics=None, system=False, verbose=False, refit=False, groups=None, fit_kwargs={}, predict=True, cross_validation=True, round=4, fold=StratifiedKFold(n_splits=10, random_state=None, shuffle=False), estimator=knn)
2021-10-14 06:39:22,412:INFO:Checking exceptions
2021-10-14 06:39:22,412:INFO:Importing libraries
2021-10-14 06:39:22,412:INFO:Copying training dataset
2021-10-14 06:39:22,414:INFO:Defining folds
2021-10-14 06:39:22,414:INFO:Declaring metric variables
2021-10-14 06:39:22,422:INFO:Importing untrained model
2021-10-14 06:39:22,432:INFO:K Neighbors Classifier Imported succesfully
2021-10-14 06:39:22,452:INFO:Starting cross validation
2021-10-14 06:39:22,453:INFO:Cross validating with StratifiedKFold(n_splits=10, random_state=None, shuffle=False), n_jobs=-1
2021-10-14 06:39:23,186:INFO:Calculating mean and std
2021-10-14 06:39:23,188:INFO:Creating metrics dataframe
2021-10-14 06:39:23,197:INFO:Uploading results into container
2021-10-14 06:39:23,197:INFO:Uploading model into container now
2021-10-14 06:39:23,197:INFO:create_model_container: 2
2021-10-14 06:39:23,197:INFO:master_model_container: 2
2021-10-14 06:39:23,197:INFO:display_container: 2
2021-10-14 06:39:23,198:INFO:KNeighborsClassifier(algorithm='auto', leaf_size=30, metric='minkowski',
                     metric_params=None, n_jobs=-1, n_neighbors=5, p=2,
                     weights='uniform')
2021-10-14 06:39:23,198:INFO:create_model() succesfully completed......................................
2021-10-14 06:39:23,311:INFO:SubProcess create_model() end ==================================
2021-10-14 06:39:23,312:INFO:Creating metrics dataframe
2021-10-14 06:39:23,332:INFO:Initializing Naive Bayes
2021-10-14 06:39:23,332:INFO:Total runtime is 0.08811079263687133 minutes
2021-10-14 06:39:23,342:INFO:SubProcess create_model() called ==================================
2021-10-14 06:39:23,342:INFO:Initializing create_model()
2021-10-14 06:39:23,342:INFO:create_model(kwargs={}, display=<pycaret.internal.Display.Display object at 0x7fbb01af3630>, add_to_model_list=True, metrics=None, system=False, verbose=False, refit=False, groups=None, fit_kwargs={}, predict=True, cross_validation=True, round=4, fold=StratifiedKFold(n_splits=10, random_state=None, shuffle=False), estimator=nb)
2021-10-14 06:39:23,342:INFO:Checking exceptions
2021-10-14 06:39:23,342:INFO:Importing libraries
2021-10-14 06:39:23,343:INFO:Copying training dataset
2021-10-14 06:39:23,344:INFO:Defining folds
2021-10-14 06:39:23,344:INFO:Declaring metric variables
2021-10-14 06:39:23,352:INFO:Importing untrained model
2021-10-14 06:39:23,362:INFO:Naive Bayes Imported succesfully
2021-10-14 06:39:23,386:INFO:Starting cross validation
2021-10-14 06:39:23,387:INFO:Cross validating with StratifiedKFold(n_splits=10, random_state=None, shuffle=False), n_jobs=-1
2021-10-14 06:39:23,499:INFO:Calculating mean and std
2021-10-14 06:39:23,501:INFO:Creating metrics dataframe
2021-10-14 06:39:23,511:INFO:Uploading results into container
2021-10-14 06:39:23,511:INFO:Uploading model into container now
2021-10-14 06:39:23,511:INFO:create_model_container: 3
2021-10-14 06:39:23,511:INFO:master_model_container: 3
2021-10-14 06:39:23,511:INFO:display_container: 2
2021-10-14 06:39:23,512:INFO:GaussianNB(priors=None, var_smoothing=1e-09)
2021-10-14 06:39:23,512:INFO:create_model() succesfully completed......................................
2021-10-14 06:39:23,627:INFO:SubProcess create_model() end ==================================
2021-10-14 06:39:23,627:INFO:Creating metrics dataframe
2021-10-14 06:39:23,651:INFO:Initializing Decision Tree Classifier
2021-10-14 06:39:23,651:INFO:Total runtime is 0.09343005816141763 minutes
2021-10-14 06:39:23,663:INFO:SubProcess create_model() called ==================================
2021-10-14 06:39:23,663:INFO:Initializing create_model()
2021-10-14 06:39:23,664:INFO:create_model(kwargs={}, display=<pycaret.internal.Display.Display object at 0x7fbb01af3630>, add_to_model_list=True, metrics=None, system=False, verbose=False, refit=False, groups=None, fit_kwargs={}, predict=True, cross_validation=True, round=4, fold=StratifiedKFold(n_splits=10, random_state=None, shuffle=False), estimator=dt)
2021-10-14 06:39:23,664:INFO:Checking exceptions
2021-10-14 06:39:23,664:INFO:Importing libraries
2021-10-14 06:39:23,664:INFO:Copying training dataset
2021-10-14 06:39:23,665:INFO:Defining folds
2021-10-14 06:39:23,665:INFO:Declaring metric variables
2021-10-14 06:39:23,676:INFO:Importing untrained model
2021-10-14 06:39:23,686:INFO:Decision Tree Classifier Imported succesfully
2021-10-14 06:39:23,707:INFO:Starting cross validation
2021-10-14 06:39:23,708:INFO:Cross validating with StratifiedKFold(n_splits=10, random_state=None, shuffle=False), n_jobs=-1
2021-10-14 06:39:23,828:INFO:Calculating mean and std
2021-10-14 06:39:23,830:INFO:Creating metrics dataframe
2021-10-14 06:39:23,840:INFO:Uploading results into container
2021-10-14 06:39:23,840:INFO:Uploading model into container now
2021-10-14 06:39:23,840:INFO:create_model_container: 4
2021-10-14 06:39:23,840:INFO:master_model_container: 4
2021-10-14 06:39:23,841:INFO:display_container: 2
2021-10-14 06:39:23,841:INFO:DecisionTreeClassifier(ccp_alpha=0.0, class_weight=None, criterion='gini',
                       max_depth=None, max_features=None, max_leaf_nodes=None,
                       min_impurity_decrease=0.0, min_impurity_split=None,
                       min_samples_leaf=1, min_samples_split=2,
                       min_weight_fraction_leaf=0.0, presort='deprecated',
                       random_state=458, splitter='best')
2021-10-14 06:39:23,841:INFO:create_model() succesfully completed......................................
2021-10-14 06:39:23,952:INFO:SubProcess create_model() end ==================================
2021-10-14 06:39:23,953:INFO:Creating metrics dataframe
2021-10-14 06:39:23,978:INFO:Initializing SVM - Linear Kernel
2021-10-14 06:39:23,979:INFO:Total runtime is 0.09888698259989419 minutes
2021-10-14 06:39:23,991:INFO:SubProcess create_model() called ==================================
2021-10-14 06:39:23,992:INFO:Initializing create_model()
2021-10-14 06:39:23,992:INFO:create_model(kwargs={}, display=<pycaret.internal.Display.Display object at 0x7fbb01af3630>, add_to_model_list=True, metrics=None, system=False, verbose=False, refit=False, groups=None, fit_kwargs={}, predict=True, cross_validation=True, round=4, fold=StratifiedKFold(n_splits=10, random_state=None, shuffle=False), estimator=svm)
2021-10-14 06:39:23,992:INFO:Checking exceptions
2021-10-14 06:39:23,992:INFO:Importing libraries
2021-10-14 06:39:23,992:INFO:Copying training dataset
2021-10-14 06:39:23,993:INFO:Defining folds
2021-10-14 06:39:23,994:INFO:Declaring metric variables
2021-10-14 06:39:24,005:INFO:Importing untrained model
2021-10-14 06:39:24,016:INFO:SVM - Linear Kernel Imported succesfully
2021-10-14 06:39:24,039:INFO:Starting cross validation
2021-10-14 06:39:24,040:INFO:Cross validating with StratifiedKFold(n_splits=10, random_state=None, shuffle=False), n_jobs=-1
2021-10-14 06:39:24,150:INFO:Calculating mean and std
2021-10-14 06:39:24,151:INFO:Creating metrics dataframe
2021-10-14 06:39:24,157:INFO:Uploading results into container
2021-10-14 06:39:24,158:INFO:Uploading model into container now
2021-10-14 06:39:24,158:INFO:create_model_container: 5
2021-10-14 06:39:24,158:INFO:master_model_container: 5
2021-10-14 06:39:24,159:INFO:display_container: 2
2021-10-14 06:39:24,159:INFO:SGDClassifier(alpha=0.0001, average=False, class_weight=None,
              early_stopping=False, epsilon=0.1, eta0=0.001, fit_intercept=True,
              l1_ratio=0.15, learning_rate='optimal', loss='hinge',
              max_iter=1000, n_iter_no_change=5, n_jobs=-1, penalty='l2',
              power_t=0.5, random_state=458, shuffle=True, tol=0.001,
              validation_fraction=0.1, verbose=0, warm_start=False)
2021-10-14 06:39:24,159:INFO:create_model() succesfully completed......................................
2021-10-14 06:39:24,268:INFO:SubProcess create_model() end ==================================
2021-10-14 06:39:24,269:INFO:Creating metrics dataframe
2021-10-14 06:39:24,297:INFO:Initializing Ridge Classifier
2021-10-14 06:39:24,297:INFO:Total runtime is 0.10418703556060789 minutes
2021-10-14 06:39:24,309:INFO:SubProcess create_model() called ==================================
2021-10-14 06:39:24,310:INFO:Initializing create_model()
2021-10-14 06:39:24,310:INFO:create_model(kwargs={}, display=<pycaret.internal.Display.Display object at 0x7fbb01af3630>, add_to_model_list=True, metrics=None, system=False, verbose=False, refit=False, groups=None, fit_kwargs={}, predict=True, cross_validation=True, round=4, fold=StratifiedKFold(n_splits=10, random_state=None, shuffle=False), estimator=ridge)
2021-10-14 06:39:24,310:INFO:Checking exceptions
2021-10-14 06:39:24,310:INFO:Importing libraries
2021-10-14 06:39:24,310:INFO:Copying training dataset
2021-10-14 06:39:24,312:INFO:Defining folds
2021-10-14 06:39:24,312:INFO:Declaring metric variables
2021-10-14 06:39:24,322:INFO:Importing untrained model
2021-10-14 06:39:24,334:INFO:Ridge Classifier Imported succesfully
2021-10-14 06:39:24,356:INFO:Starting cross validation
2021-10-14 06:39:24,357:INFO:Cross validating with StratifiedKFold(n_splits=10, random_state=None, shuffle=False), n_jobs=-1
2021-10-14 06:39:24,472:INFO:Calculating mean and std
2021-10-14 06:39:24,473:INFO:Creating metrics dataframe
2021-10-14 06:39:24,479:INFO:Uploading results into container
2021-10-14 06:39:24,480:INFO:Uploading model into container now
2021-10-14 06:39:24,480:INFO:create_model_container: 6
2021-10-14 06:39:24,480:INFO:master_model_container: 6
2021-10-14 06:39:24,480:INFO:display_container: 2
2021-10-14 06:39:24,481:INFO:RidgeClassifier(alpha=1.0, class_weight=None, copy_X=True, fit_intercept=True,
                max_iter=None, normalize=False, random_state=458, solver='auto',
                tol=0.001)
2021-10-14 06:39:24,481:INFO:create_model() succesfully completed......................................
2021-10-14 06:39:24,588:INFO:SubProcess create_model() end ==================================
2021-10-14 06:39:24,588:INFO:Creating metrics dataframe
2021-10-14 06:39:24,618:INFO:Initializing Random Forest Classifier
2021-10-14 06:39:24,618:INFO:Total runtime is 0.10954687992731728 minutes
2021-10-14 06:39:24,628:INFO:SubProcess create_model() called ==================================
2021-10-14 06:39:24,628:INFO:Initializing create_model()
2021-10-14 06:39:24,629:INFO:create_model(kwargs={}, display=<pycaret.internal.Display.Display object at 0x7fbb01af3630>, add_to_model_list=True, metrics=None, system=False, verbose=False, refit=False, groups=None, fit_kwargs={}, predict=True, cross_validation=True, round=4, fold=StratifiedKFold(n_splits=10, random_state=None, shuffle=False), estimator=rf)
2021-10-14 06:39:24,629:INFO:Checking exceptions
2021-10-14 06:39:24,629:INFO:Importing libraries
2021-10-14 06:39:24,629:INFO:Copying training dataset
2021-10-14 06:39:24,630:INFO:Defining folds
2021-10-14 06:39:24,630:INFO:Declaring metric variables
2021-10-14 06:39:24,639:INFO:Importing untrained model
2021-10-14 06:39:24,648:INFO:Random Forest Classifier Imported succesfully
2021-10-14 06:39:24,665:INFO:Starting cross validation
2021-10-14 06:39:24,665:INFO:Cross validating with StratifiedKFold(n_splits=10, random_state=None, shuffle=False), n_jobs=-1
2021-10-14 06:39:27,779:INFO:Calculating mean and std
2021-10-14 06:39:27,781:INFO:Creating metrics dataframe
2021-10-14 06:39:27,787:INFO:Uploading results into container
2021-10-14 06:39:27,787:INFO:Uploading model into container now
2021-10-14 06:39:27,787:INFO:create_model_container: 7
2021-10-14 06:39:27,788:INFO:master_model_container: 7
2021-10-14 06:39:27,788:INFO:display_container: 2
2021-10-14 06:39:27,789:INFO:RandomForestClassifier(bootstrap=True, ccp_alpha=0.0, class_weight=None,
                       criterion='gini', max_depth=None, max_features='auto',
                       max_leaf_nodes=None, max_samples=None,
                       min_impurity_decrease=0.0, min_impurity_split=None,
                       min_samples_leaf=1, min_samples_split=2,
                       min_weight_fraction_leaf=0.0, n_estimators=100,
                       n_jobs=-1, oob_score=False, random_state=458, verbose=0,
                       warm_start=False)
2021-10-14 06:39:27,789:INFO:create_model() succesfully completed......................................
2021-10-14 06:39:27,897:INFO:SubProcess create_model() end ==================================
2021-10-14 06:39:27,898:INFO:Creating metrics dataframe
2021-10-14 06:39:27,930:INFO:Initializing Quadratic Discriminant Analysis
2021-10-14 06:39:27,931:INFO:Total runtime is 0.1647527535756429 minutes
2021-10-14 06:39:27,943:INFO:SubProcess create_model() called ==================================
2021-10-14 06:39:27,944:INFO:Initializing create_model()
2021-10-14 06:39:27,944:INFO:create_model(kwargs={}, display=<pycaret.internal.Display.Display object at 0x7fbb01af3630>, add_to_model_list=True, metrics=None, system=False, verbose=False, refit=False, groups=None, fit_kwargs={}, predict=True, cross_validation=True, round=4, fold=StratifiedKFold(n_splits=10, random_state=None, shuffle=False), estimator=qda)
2021-10-14 06:39:27,944:INFO:Checking exceptions
2021-10-14 06:39:27,944:INFO:Importing libraries
2021-10-14 06:39:27,944:INFO:Copying training dataset
2021-10-14 06:39:27,945:INFO:Defining folds
2021-10-14 06:39:27,946:INFO:Declaring metric variables
2021-10-14 06:39:27,957:INFO:Importing untrained model
2021-10-14 06:39:27,969:INFO:Quadratic Discriminant Analysis Imported succesfully
2021-10-14 06:39:27,991:INFO:Starting cross validation
2021-10-14 06:39:27,992:INFO:Cross validating with StratifiedKFold(n_splits=10, random_state=None, shuffle=False), n_jobs=-1
2021-10-14 06:39:28,114:INFO:Calculating mean and std
2021-10-14 06:39:28,115:INFO:Creating metrics dataframe
2021-10-14 06:39:28,121:INFO:Uploading results into container
2021-10-14 06:39:28,121:INFO:Uploading model into container now
2021-10-14 06:39:28,121:INFO:create_model_container: 8
2021-10-14 06:39:28,121:INFO:master_model_container: 8
2021-10-14 06:39:28,122:INFO:display_container: 2
2021-10-14 06:39:28,122:INFO:QuadraticDiscriminantAnalysis(priors=None, reg_param=0.0,
                              store_covariance=False, tol=0.0001)
2021-10-14 06:39:28,122:INFO:create_model() succesfully completed......................................
2021-10-14 06:39:28,229:INFO:SubProcess create_model() end ==================================
2021-10-14 06:39:28,229:INFO:Creating metrics dataframe
2021-10-14 06:39:28,264:INFO:Initializing Ada Boost Classifier
2021-10-14 06:39:28,264:INFO:Total runtime is 0.17031267881393433 minutes
2021-10-14 06:39:28,275:INFO:SubProcess create_model() called ==================================
2021-10-14 06:39:28,276:INFO:Initializing create_model()
2021-10-14 06:39:28,276:INFO:create_model(kwargs={}, display=<pycaret.internal.Display.Display object at 0x7fbb01af3630>, add_to_model_list=True, metrics=None, system=False, verbose=False, refit=False, groups=None, fit_kwargs={}, predict=True, cross_validation=True, round=4, fold=StratifiedKFold(n_splits=10, random_state=None, shuffle=False), estimator=ada)
2021-10-14 06:39:28,276:INFO:Checking exceptions
2021-10-14 06:39:28,276:INFO:Importing libraries
2021-10-14 06:39:28,276:INFO:Copying training dataset
2021-10-14 06:39:28,277:INFO:Defining folds
2021-10-14 06:39:28,278:INFO:Declaring metric variables
2021-10-14 06:39:28,287:INFO:Importing untrained model
2021-10-14 06:39:28,297:INFO:Ada Boost Classifier Imported succesfully
2021-10-14 06:39:28,317:INFO:Starting cross validation
2021-10-14 06:39:28,318:INFO:Cross validating with StratifiedKFold(n_splits=10, random_state=None, shuffle=False), n_jobs=-1
2021-10-14 06:39:28,905:INFO:Calculating mean and std
2021-10-14 06:39:28,907:INFO:Creating metrics dataframe
2021-10-14 06:39:28,913:INFO:Uploading results into container
2021-10-14 06:39:28,913:INFO:Uploading model into container now
2021-10-14 06:39:28,914:INFO:create_model_container: 9
2021-10-14 06:39:28,914:INFO:master_model_container: 9
2021-10-14 06:39:28,914:INFO:display_container: 2
2021-10-14 06:39:28,914:INFO:AdaBoostClassifier(algorithm='SAMME.R', base_estimator=None, learning_rate=1.0,
                   n_estimators=50, random_state=458)
2021-10-14 06:39:28,915:INFO:create_model() succesfully completed......................................
2021-10-14 06:39:29,023:INFO:SubProcess create_model() end ==================================
2021-10-14 06:39:29,023:INFO:Creating metrics dataframe
2021-10-14 06:39:29,060:INFO:Initializing Gradient Boosting Classifier
2021-10-14 06:39:29,060:INFO:Total runtime is 0.18357892831166586 minutes
2021-10-14 06:39:29,071:INFO:SubProcess create_model() called ==================================
2021-10-14 06:39:29,072:INFO:Initializing create_model()
2021-10-14 06:39:29,072:INFO:create_model(kwargs={}, display=<pycaret.internal.Display.Display object at 0x7fbb01af3630>, add_to_model_list=True, metrics=None, system=False, verbose=False, refit=False, groups=None, fit_kwargs={}, predict=True, cross_validation=True, round=4, fold=StratifiedKFold(n_splits=10, random_state=None, shuffle=False), estimator=gbc)
2021-10-14 06:39:29,072:INFO:Checking exceptions
2021-10-14 06:39:29,072:INFO:Importing libraries
2021-10-14 06:39:29,072:INFO:Copying training dataset
2021-10-14 06:39:29,074:INFO:Defining folds
2021-10-14 06:39:29,074:INFO:Declaring metric variables
2021-10-14 06:39:29,084:INFO:Importing untrained model
2021-10-14 06:39:29,094:INFO:Gradient Boosting Classifier Imported succesfully
2021-10-14 06:39:29,116:INFO:Starting cross validation
2021-10-14 06:39:29,117:INFO:Cross validating with StratifiedKFold(n_splits=10, random_state=None, shuffle=False), n_jobs=-1
2021-10-14 06:39:29,691:INFO:Calculating mean and std
2021-10-14 06:39:29,692:INFO:Creating metrics dataframe
2021-10-14 06:39:29,698:INFO:Uploading results into container
2021-10-14 06:39:29,698:INFO:Uploading model into container now
2021-10-14 06:39:29,698:INFO:create_model_container: 10
2021-10-14 06:39:29,699:INFO:master_model_container: 10
2021-10-14 06:39:29,699:INFO:display_container: 2
2021-10-14 06:39:29,700:INFO:GradientBoostingClassifier(ccp_alpha=0.0, criterion='friedman_mse', init=None,
                           learning_rate=0.1, loss='deviance', max_depth=3,
                           max_features=None, max_leaf_nodes=None,
                           min_impurity_decrease=0.0, min_impurity_split=None,
                           min_samples_leaf=1, min_samples_split=2,
                           min_weight_fraction_leaf=0.0, n_estimators=100,
                           n_iter_no_change=None, presort='deprecated',
                           random_state=458, subsample=1.0, tol=0.0001,
                           validation_fraction=0.1, verbose=0,
                           warm_start=False)
2021-10-14 06:39:29,700:INFO:create_model() succesfully completed......................................
2021-10-14 06:39:29,806:INFO:SubProcess create_model() end ==================================
2021-10-14 06:39:29,807:INFO:Creating metrics dataframe
2021-10-14 06:39:29,846:INFO:Initializing Linear Discriminant Analysis
2021-10-14 06:39:29,846:INFO:Total runtime is 0.1966743310292562 minutes
2021-10-14 06:39:29,857:INFO:SubProcess create_model() called ==================================
2021-10-14 06:39:29,858:INFO:Initializing create_model()
2021-10-14 06:39:29,858:INFO:create_model(kwargs={}, display=<pycaret.internal.Display.Display object at 0x7fbb01af3630>, add_to_model_list=True, metrics=None, system=False, verbose=False, refit=False, groups=None, fit_kwargs={}, predict=True, cross_validation=True, round=4, fold=StratifiedKFold(n_splits=10, random_state=None, shuffle=False), estimator=lda)
2021-10-14 06:39:29,858:INFO:Checking exceptions
2021-10-14 06:39:29,858:INFO:Importing libraries
2021-10-14 06:39:29,858:INFO:Copying training dataset
2021-10-14 06:39:29,860:INFO:Defining folds
2021-10-14 06:39:29,860:INFO:Declaring metric variables
2021-10-14 06:39:29,870:INFO:Importing untrained model
2021-10-14 06:39:29,880:INFO:Linear Discriminant Analysis Imported succesfully
2021-10-14 06:39:29,901:INFO:Starting cross validation
2021-10-14 06:39:29,902:INFO:Cross validating with StratifiedKFold(n_splits=10, random_state=None, shuffle=False), n_jobs=-1
2021-10-14 06:39:30,023:INFO:Calculating mean and std
2021-10-14 06:39:30,025:INFO:Creating metrics dataframe
2021-10-14 06:39:30,031:INFO:Uploading results into container
2021-10-14 06:39:30,031:INFO:Uploading model into container now
2021-10-14 06:39:30,032:INFO:create_model_container: 11
2021-10-14 06:39:30,032:INFO:master_model_container: 11
2021-10-14 06:39:30,032:INFO:display_container: 2
2021-10-14 06:39:30,033:INFO:LinearDiscriminantAnalysis(n_components=None, priors=None, shrinkage=None,
                           solver='svd', store_covariance=False, tol=0.0001)
2021-10-14 06:39:30,033:INFO:create_model() succesfully completed......................................
2021-10-14 06:39:30,141:INFO:SubProcess create_model() end ==================================
2021-10-14 06:39:30,141:INFO:Creating metrics dataframe
2021-10-14 06:39:30,183:INFO:Initializing Extra Trees Classifier
2021-10-14 06:39:30,183:INFO:Total runtime is 0.20229547421137492 minutes
2021-10-14 06:39:30,195:INFO:SubProcess create_model() called ==================================
2021-10-14 06:39:30,196:INFO:Initializing create_model()
2021-10-14 06:39:30,196:INFO:create_model(kwargs={}, display=<pycaret.internal.Display.Display object at 0x7fbb01af3630>, add_to_model_list=True, metrics=None, system=False, verbose=False, refit=False, groups=None, fit_kwargs={}, predict=True, cross_validation=True, round=4, fold=StratifiedKFold(n_splits=10, random_state=None, shuffle=False), estimator=et)
2021-10-14 06:39:30,196:INFO:Checking exceptions
2021-10-14 06:39:30,197:INFO:Importing libraries
2021-10-14 06:39:30,197:INFO:Copying training dataset
2021-10-14 06:39:30,198:INFO:Defining folds
2021-10-14 06:39:30,198:INFO:Declaring metric variables
2021-10-14 06:39:30,209:INFO:Importing untrained model
2021-10-14 06:39:30,220:INFO:Extra Trees Classifier Imported succesfully
2021-10-14 06:39:30,241:INFO:Starting cross validation
2021-10-14 06:39:30,242:INFO:Cross validating with StratifiedKFold(n_splits=10, random_state=None, shuffle=False), n_jobs=-1
2021-10-14 06:39:33,033:INFO:Calculating mean and std
2021-10-14 06:39:33,035:INFO:Creating metrics dataframe
2021-10-14 06:39:33,042:INFO:Uploading results into container
2021-10-14 06:39:33,043:INFO:Uploading model into container now
2021-10-14 06:39:33,043:INFO:create_model_container: 12
2021-10-14 06:39:33,043:INFO:master_model_container: 12
2021-10-14 06:39:33,043:INFO:display_container: 2
2021-10-14 06:39:33,044:INFO:ExtraTreesClassifier(bootstrap=False, ccp_alpha=0.0, class_weight=None,
                     criterion='gini', max_depth=None, max_features='auto',
                     max_leaf_nodes=None, max_samples=None,
                     min_impurity_decrease=0.0, min_impurity_split=None,
                     min_samples_leaf=1, min_samples_split=2,
                     min_weight_fraction_leaf=0.0, n_estimators=100, n_jobs=-1,
                     oob_score=False, random_state=458, verbose=0,
                     warm_start=False)
2021-10-14 06:39:33,045:INFO:create_model() succesfully completed......................................
2021-10-14 06:39:33,154:INFO:SubProcess create_model() end ==================================
2021-10-14 06:39:33,154:INFO:Creating metrics dataframe
2021-10-14 06:39:33,199:INFO:Initializing Light Gradient Boosting Machine
2021-10-14 06:39:33,199:INFO:Total runtime is 0.25255704323450723 minutes
2021-10-14 06:39:33,211:INFO:SubProcess create_model() called ==================================
2021-10-14 06:39:33,211:INFO:Initializing create_model()
2021-10-14 06:39:33,211:INFO:create_model(kwargs={}, display=<pycaret.internal.Display.Display object at 0x7fbb01af3630>, add_to_model_list=True, metrics=None, system=False, verbose=False, refit=False, groups=None, fit_kwargs={}, predict=True, cross_validation=True, round=4, fold=StratifiedKFold(n_splits=10, random_state=None, shuffle=False), estimator=lightgbm)
2021-10-14 06:39:33,212:INFO:Checking exceptions
2021-10-14 06:39:33,212:INFO:Importing libraries
2021-10-14 06:39:33,212:INFO:Copying training dataset
2021-10-14 06:39:33,213:INFO:Defining folds
2021-10-14 06:39:33,213:INFO:Declaring metric variables
2021-10-14 06:39:33,224:INFO:Importing untrained model
2021-10-14 06:39:33,235:INFO:Light Gradient Boosting Machine Imported succesfully
2021-10-14 06:39:33,257:INFO:Starting cross validation
2021-10-14 06:39:33,258:INFO:Cross validating with StratifiedKFold(n_splits=10, random_state=None, shuffle=False), n_jobs=-1
2021-10-14 06:39:33,667:INFO:Calculating mean and std
2021-10-14 06:39:33,668:INFO:Creating metrics dataframe
2021-10-14 06:39:33,675:INFO:Uploading results into container
2021-10-14 06:39:33,676:INFO:Uploading model into container now
2021-10-14 06:39:33,676:INFO:create_model_container: 13
2021-10-14 06:39:33,676:INFO:master_model_container: 13
2021-10-14 06:39:33,676:INFO:display_container: 2
2021-10-14 06:39:33,677:INFO:LGBMClassifier(boosting_type='gbdt', class_weight=None, colsample_bytree=1.0,
               importance_type='split', learning_rate=0.1, max_depth=-1,
               min_child_samples=20, min_child_weight=0.001, min_split_gain=0.0,
               n_estimators=100, n_jobs=-1, num_leaves=31, objective=None,
               random_state=458, reg_alpha=0.0, reg_lambda=0.0, silent=True,
               subsample=1.0, subsample_for_bin=200000, subsample_freq=0)
2021-10-14 06:39:33,677:INFO:create_model() succesfully completed......................................
2021-10-14 06:39:33,785:INFO:SubProcess create_model() end ==================================
2021-10-14 06:39:33,785:INFO:Creating metrics dataframe
2021-10-14 06:39:33,862:INFO:Initializing create_model()
2021-10-14 06:39:33,862:INFO:create_model(kwargs={}, display=None, add_to_model_list=True, metrics=None, system=False, verbose=False, refit=True, groups=None, fit_kwargs={}, predict=False, cross_validation=False, round=4, fold=StratifiedKFold(n_splits=10, random_state=None, shuffle=False), estimator=LGBMClassifier(boosting_type='gbdt', class_weight=None, colsample_bytree=1.0,
               importance_type='split', learning_rate=0.1, max_depth=-1,
               min_child_samples=20, min_child_weight=0.001, min_split_gain=0.0,
               n_estimators=100, n_jobs=-1, num_leaves=31, objective=None,
               random_state=458, reg_alpha=0.0, reg_lambda=0.0, silent=True,
               subsample=1.0, subsample_for_bin=200000, subsample_freq=0))
2021-10-14 06:39:33,863:INFO:Checking exceptions
2021-10-14 06:39:33,863:INFO:Importing libraries
2021-10-14 06:39:33,863:INFO:Copying training dataset
2021-10-14 06:39:33,864:INFO:Defining folds
2021-10-14 06:39:33,864:INFO:Declaring metric variables
2021-10-14 06:39:33,865:INFO:Importing untrained model
2021-10-14 06:39:33,865:INFO:Declaring custom model
2021-10-14 06:39:33,866:INFO:Light Gradient Boosting Machine Imported succesfully
2021-10-14 06:39:33,867:INFO:Cross validation set to False
2021-10-14 06:39:33,867:INFO:Fitting Model
2021-10-14 06:39:33,936:INFO:LGBMClassifier(boosting_type='gbdt', class_weight=None, colsample_bytree=1.0,
               importance_type='split', learning_rate=0.1, max_depth=-1,
               min_child_samples=20, min_child_weight=0.001, min_split_gain=0.0,
               n_estimators=100, n_jobs=-1, num_leaves=31, objective=None,
               random_state=458, reg_alpha=0.0, reg_lambda=0.0, silent=True,
               subsample=1.0, subsample_for_bin=200000, subsample_freq=0)
2021-10-14 06:39:33,936:INFO:create_models() succesfully completed......................................
2021-10-14 06:39:34,171:INFO:create_model_container: 13
2021-10-14 06:39:34,171:INFO:master_model_container: 13
2021-10-14 06:39:34,172:INFO:display_container: 2
2021-10-14 06:39:34,172:INFO:LGBMClassifier(boosting_type='gbdt', class_weight=None, colsample_bytree=1.0,
               importance_type='split', learning_rate=0.1, max_depth=-1,
               min_child_samples=20, min_child_weight=0.001, min_split_gain=0.0,
               n_estimators=100, n_jobs=-1, num_leaves=31, objective=None,
               random_state=458, reg_alpha=0.0, reg_lambda=0.0, silent=True,
               subsample=1.0, subsample_for_bin=200000, subsample_freq=0)
2021-10-14 06:39:34,173:INFO:compare_models() succesfully completed......................................
2021-10-14 06:39:34,298:INFO:Initializing create_model()
2021-10-14 06:39:34,299:INFO:create_model(kwargs={}, display=None, add_to_model_list=True, metrics=None, system=True, verbose=True, refit=True, groups=None, fit_kwargs=None, predict=True, cross_validation=True, round=4, fold=None, estimator=lightgbm)
2021-10-14 06:39:34,299:INFO:Checking exceptions
2021-10-14 06:39:34,299:INFO:Preparing display monitor
2021-10-14 06:39:34,324:INFO:Importing libraries
2021-10-14 06:39:34,324:INFO:Copying training dataset
2021-10-14 06:39:34,326:INFO:Defining folds
2021-10-14 06:39:34,326:INFO:Declaring metric variables
2021-10-14 06:39:34,336:INFO:Importing untrained model
2021-10-14 06:39:34,347:INFO:Light Gradient Boosting Machine Imported succesfully
2021-10-14 06:39:34,368:INFO:Starting cross validation
2021-10-14 06:39:34,369:INFO:Cross validating with StratifiedKFold(n_splits=10, random_state=None, shuffle=False), n_jobs=-1
2021-10-14 06:39:34,739:INFO:Calculating mean and std
2021-10-14 06:39:34,740:INFO:Creating metrics dataframe
2021-10-14 06:39:34,756:INFO:Finalizing model
2021-10-14 06:39:34,823:INFO:Uploading results into container
2021-10-14 06:39:34,823:INFO:Uploading model into container now
2021-10-14 06:39:34,866:INFO:create_model_container: 14
2021-10-14 06:39:34,866:INFO:master_model_container: 14
2021-10-14 06:39:34,866:INFO:display_container: 3
2021-10-14 06:39:34,867:INFO:LGBMClassifier(boosting_type='gbdt', class_weight=None, colsample_bytree=1.0,
               importance_type='split', learning_rate=0.1, max_depth=-1,
               min_child_samples=20, min_child_weight=0.001, min_split_gain=0.0,
               n_estimators=100, n_jobs=-1, num_leaves=31, objective=None,
               random_state=458, reg_alpha=0.0, reg_lambda=0.0, silent=True,
               subsample=1.0, subsample_for_bin=200000, subsample_freq=0)
2021-10-14 06:39:34,867:INFO:create_model() succesfully completed......................................
2021-10-14 06:39:34,997:INFO:Initializing tune_model()
2021-10-14 06:39:34,997:INFO:tune_model(kwargs={}, display=None, tuner_verbose=True, verbose=True, return_tuner=False, groups=None, fit_kwargs=None, choose_better=False, early_stopping_max_iters=10, early_stopping=False, search_algorithm=None, search_library=scikit-learn, custom_scorer=None, optimize=Accuracy, custom_grid=None, n_iter=10, round=4, fold=None, estimator=LGBMClassifier(boosting_type='gbdt', class_weight=None, colsample_bytree=1.0,
               importance_type='split', learning_rate=0.1, max_depth=-1,
               min_child_samples=20, min_child_weight=0.001, min_split_gain=0.0,
               n_estimators=100, n_jobs=-1, num_leaves=31, objective=None,
               random_state=458, reg_alpha=0.0, reg_lambda=0.0, silent=True,
               subsample=1.0, subsample_for_bin=200000, subsample_freq=0))
2021-10-14 06:39:34,997:INFO:Checking exceptions
2021-10-14 06:39:34,999:INFO:Preparing display monitor
2021-10-14 06:39:35,020:INFO:Copying training dataset
2021-10-14 06:39:35,021:INFO:Checking base model
2021-10-14 06:39:35,022:INFO:Base model : Light Gradient Boosting Machine
2021-10-14 06:39:35,032:INFO:Declaring metric variables
2021-10-14 06:39:35,041:INFO:Defining Hyperparameters
2021-10-14 06:39:35,149:INFO:Tuning with n_jobs=-1
2021-10-14 06:39:35,150:INFO:Initializing RandomizedSearchCV
2021-10-14 06:39:37,155:INFO:best_params: {'actual_estimator__reg_lambda': 5, 'actual_estimator__reg_alpha': 0.1, 'actual_estimator__num_leaves': 150, 'actual_estimator__n_estimators': 240, 'actual_estimator__min_split_gain': 0, 'actual_estimator__min_child_samples': 66, 'actual_estimator__learning_rate': 0.5, 'actual_estimator__feature_fraction': 0.4, 'actual_estimator__bagging_freq': 3, 'actual_estimator__bagging_fraction': 1.0}
2021-10-14 06:39:37,156:INFO:Hyperparameter search completed
2021-10-14 06:39:37,156:INFO:SubProcess create_model() called ==================================
2021-10-14 06:39:37,157:INFO:Initializing create_model()
2021-10-14 06:39:37,158:INFO:create_model(kwargs={'reg_lambda': 5, 'reg_alpha': 0.1, 'num_leaves': 150, 'n_estimators': 240, 'min_split_gain': 0, 'min_child_samples': 66, 'learning_rate': 0.5, 'feature_fraction': 0.4, 'bagging_freq': 3, 'bagging_fraction': 1.0}, display=<pycaret.internal.Display.Display object at 0x7fbaf84fc160>, add_to_model_list=True, metrics=None, system=False, verbose=True, refit=True, groups=None, fit_kwargs={}, predict=True, cross_validation=True, round=4, fold=StratifiedKFold(n_splits=10, random_state=None, shuffle=False), estimator=LGBMClassifier(boosting_type='gbdt', class_weight=None, colsample_bytree=1.0,
               importance_type='split', learning_rate=0.1, max_depth=-1,
               min_child_samples=20, min_child_weight=0.001, min_split_gain=0.0,
               n_estimators=100, n_jobs=-1, num_leaves=31, objective=None,
               random_state=458, reg_alpha=0.0, reg_lambda=0.0, silent=True,
               subsample=1.0, subsample_for_bin=200000, subsample_freq=0))
2021-10-14 06:39:37,158:INFO:Checking exceptions
2021-10-14 06:39:37,158:INFO:Importing libraries
2021-10-14 06:39:37,158:INFO:Copying training dataset
2021-10-14 06:39:37,159:INFO:Defining folds
2021-10-14 06:39:37,160:INFO:Declaring metric variables
2021-10-14 06:39:37,171:INFO:Importing untrained model
2021-10-14 06:39:37,172:INFO:Declaring custom model
2021-10-14 06:39:37,183:INFO:Light Gradient Boosting Machine Imported succesfully
2021-10-14 06:39:37,204:INFO:Starting cross validation
2021-10-14 06:39:37,205:INFO:Cross validating with StratifiedKFold(n_splits=10, random_state=None, shuffle=False), n_jobs=-1
2021-10-14 06:39:37,572:INFO:Calculating mean and std
2021-10-14 06:39:37,573:INFO:Creating metrics dataframe
2021-10-14 06:39:37,589:INFO:Finalizing model
2021-10-14 06:39:37,656:INFO:Uploading results into container
2021-10-14 06:39:37,657:INFO:Uploading model into container now
2021-10-14 06:39:37,657:INFO:create_model_container: 15
2021-10-14 06:39:37,657:INFO:master_model_container: 15
2021-10-14 06:39:37,657:INFO:display_container: 4
2021-10-14 06:39:37,658:INFO:LGBMClassifier(bagging_fraction=1.0, bagging_freq=3, boosting_type='gbdt',
               class_weight=None, colsample_bytree=1.0, feature_fraction=0.4,
               importance_type='split', learning_rate=0.5, max_depth=-1,
               min_child_samples=66, min_child_weight=0.001, min_split_gain=0,
               n_estimators=240, n_jobs=-1, num_leaves=150, objective=None,
               random_state=458, reg_alpha=0.1, reg_lambda=5, silent=True,
               subsample=1.0, subsample_for_bin=200000, subsample_freq=0)
2021-10-14 06:39:37,658:INFO:create_model() succesfully completed......................................
2021-10-14 06:39:37,770:INFO:SubProcess create_model() end ==================================
2021-10-14 06:39:37,838:INFO:create_model_container: 15
2021-10-14 06:39:37,838:INFO:master_model_container: 15
2021-10-14 06:39:37,838:INFO:display_container: 4
2021-10-14 06:39:37,839:INFO:LGBMClassifier(bagging_fraction=1.0, bagging_freq=3, boosting_type='gbdt',
               class_weight=None, colsample_bytree=1.0, feature_fraction=0.4,
               importance_type='split', learning_rate=0.5, max_depth=-1,
               min_child_samples=66, min_child_weight=0.001, min_split_gain=0,
               n_estimators=240, n_jobs=-1, num_leaves=150, objective=None,
               random_state=458, reg_alpha=0.1, reg_lambda=5, silent=True,
               subsample=1.0, subsample_for_bin=200000, subsample_freq=0)
2021-10-14 06:39:37,839:INFO:tune_model() succesfully completed......................................
2021-10-14 06:39:38,007:INFO:Initializing plot_model()
2021-10-14 06:39:38,007:INFO:plot_model(is_in_evaluate=False, verbose=True, use_train_data=False, fold=None, system=True, scale=1, save=False, plot=learning, label=False, groups=None, fit_kwargs=None, feature_name=None, estimator=LGBMClassifier(bagging_fraction=1.0, bagging_freq=3, boosting_type='gbdt',
               class_weight=None, colsample_bytree=1.0, feature_fraction=0.4,
               importance_type='split', learning_rate=0.5, max_depth=-1,
               min_child_samples=66, min_child_weight=0.001, min_split_gain=0,
               n_estimators=240, n_jobs=-1, num_leaves=150, objective=None,
               random_state=458, reg_alpha=0.1, reg_lambda=5, silent=True,
               subsample=1.0, subsample_for_bin=200000, subsample_freq=0), display_format=None, display=None)
2021-10-14 06:39:38,007:INFO:Checking exceptions
2021-10-14 06:39:38,009:INFO:Preparing display monitor
2021-10-14 06:39:38,019:INFO:Preloading libraries
2021-10-14 06:39:38,035:INFO:Copying training dataset
2021-10-14 06:39:38,037:INFO:Copying test dataset
2021-10-14 06:39:38,039:INFO:Plot type: learning
2021-10-14 06:39:38,186:INFO:Fitting Model
2021-10-14 06:39:41,129:INFO:Visual Rendered Successfully
2021-10-14 06:39:41,239:INFO:plot_model() succesfully completed......................................
2021-10-14 06:39:41,252:INFO:Initializing plot_model()
2021-10-14 06:39:41,253:INFO:plot_model(is_in_evaluate=False, verbose=True, use_train_data=False, fold=None, system=True, scale=1, save=False, plot=auc, label=False, groups=None, fit_kwargs=None, feature_name=None, estimator=LGBMClassifier(bagging_fraction=1.0, bagging_freq=3, boosting_type='gbdt',
               class_weight=None, colsample_bytree=1.0, feature_fraction=0.4,
               importance_type='split', learning_rate=0.5, max_depth=-1,
               min_child_samples=66, min_child_weight=0.001, min_split_gain=0,
               n_estimators=240, n_jobs=-1, num_leaves=150, objective=None,
               random_state=458, reg_alpha=0.1, reg_lambda=5, silent=True,
               subsample=1.0, subsample_for_bin=200000, subsample_freq=0), display_format=None, display=None)
2021-10-14 06:39:41,253:INFO:Checking exceptions
2021-10-14 06:39:41,255:INFO:Preparing display monitor
2021-10-14 06:39:41,263:INFO:Preloading libraries
2021-10-14 06:39:41,306:INFO:Copying training dataset
2021-10-14 06:39:41,307:INFO:Copying test dataset
2021-10-14 06:39:41,307:INFO:Plot type: auc
2021-10-14 06:39:41,323:INFO:Fitting Model
2021-10-14 06:39:41,325:INFO:Scoring test/hold-out set
2021-10-14 06:39:41,531:INFO:Visual Rendered Successfully
2021-10-14 06:39:41,661:INFO:plot_model() succesfully completed......................................
2021-10-14 06:39:41,678:INFO:Initializing plot_model()
2021-10-14 06:39:41,679:INFO:plot_model(is_in_evaluate=False, verbose=True, use_train_data=False, fold=None, system=True, scale=1, save=False, plot=confusion_matrix, label=False, groups=None, fit_kwargs=None, feature_name=None, estimator=LGBMClassifier(bagging_fraction=1.0, bagging_freq=3, boosting_type='gbdt',
               class_weight=None, colsample_bytree=1.0, feature_fraction=0.4,
               importance_type='split', learning_rate=0.5, max_depth=-1,
               min_child_samples=66, min_child_weight=0.001, min_split_gain=0,
               n_estimators=240, n_jobs=-1, num_leaves=150, objective=None,
               random_state=458, reg_alpha=0.1, reg_lambda=5, silent=True,
               subsample=1.0, subsample_for_bin=200000, subsample_freq=0), display_format=None, display=None)
2021-10-14 06:39:41,679:INFO:Checking exceptions
2021-10-14 06:39:41,682:INFO:Preparing display monitor
2021-10-14 06:39:41,695:INFO:Preloading libraries
2021-10-14 06:39:41,709:INFO:Copying training dataset
2021-10-14 06:39:41,709:INFO:Copying test dataset
2021-10-14 06:39:41,710:INFO:Plot type: confusion_matrix
2021-10-14 06:39:41,726:INFO:Fitting Model
2021-10-14 06:39:41,728:INFO:Scoring test/hold-out set
2021-10-14 06:39:41,836:INFO:Visual Rendered Successfully
2021-10-14 06:39:41,953:INFO:plot_model() succesfully completed......................................
2021-10-14 06:39:41,972:INFO:Initializing plot_model()
2021-10-14 06:39:41,973:INFO:plot_model(is_in_evaluate=False, verbose=True, use_train_data=False, fold=None, system=True, scale=1, save=False, plot=feature, label=False, groups=None, fit_kwargs=None, feature_name=None, estimator=LGBMClassifier(bagging_fraction=1.0, bagging_freq=3, boosting_type='gbdt',
               class_weight=None, colsample_bytree=1.0, feature_fraction=0.4,
               importance_type='split', learning_rate=0.5, max_depth=-1,
               min_child_samples=66, min_child_weight=0.001, min_split_gain=0,
               n_estimators=240, n_jobs=-1, num_leaves=150, objective=None,
               random_state=458, reg_alpha=0.1, reg_lambda=5, silent=True,
               subsample=1.0, subsample_for_bin=200000, subsample_freq=0), display_format=None, display=None)
2021-10-14 06:39:41,973:INFO:Checking exceptions
2021-10-14 06:39:41,975:INFO:Preparing display monitor
2021-10-14 06:39:41,984:INFO:Preloading libraries
2021-10-14 06:39:42,027:INFO:Copying training dataset
2021-10-14 06:39:42,028:INFO:Copying test dataset
2021-10-14 06:39:42,028:INFO:Plot type: feature
2021-10-14 06:39:42,031:WARNING:No coef_ found. Trying feature_importances_
2021-10-14 06:39:42,214:INFO:Visual Rendered Successfully
2021-10-14 06:39:42,329:INFO:plot_model() succesfully completed......................................
2021-10-14 06:39:42,349:INFO:Initializing evaluate_model()
2021-10-14 06:39:42,350:INFO:evaluate_model(use_train_data=False, groups=None, feature_name=None, fit_kwargs=None, fold=None, estimator=LGBMClassifier(bagging_fraction=1.0, bagging_freq=3, boosting_type='gbdt',
               class_weight=None, colsample_bytree=1.0, feature_fraction=0.4,
               importance_type='split', learning_rate=0.5, max_depth=-1,
               min_child_samples=66, min_child_weight=0.001, min_split_gain=0,
               n_estimators=240, n_jobs=-1, num_leaves=150, objective=None,
               random_state=458, reg_alpha=0.1, reg_lambda=5, silent=True,
               subsample=1.0, subsample_for_bin=200000, subsample_freq=0))
2021-10-14 06:39:42,376:INFO:Initializing plot_model()
2021-10-14 06:39:42,376:INFO:plot_model(is_in_evaluate=True, verbose=True, use_train_data=False, fold=StratifiedKFold(n_splits=10, random_state=None, shuffle=False), system=True, scale=1, save=False, plot=parameter, label=False, groups=None, fit_kwargs={}, feature_name=None, estimator=LGBMClassifier(bagging_fraction=1.0, bagging_freq=3, boosting_type='gbdt',
               class_weight=None, colsample_bytree=1.0, feature_fraction=0.4,
               importance_type='split', learning_rate=0.5, max_depth=-1,
               min_child_samples=66, min_child_weight=0.001, min_split_gain=0,
               n_estimators=240, n_jobs=-1, num_leaves=150, objective=None,
               random_state=458, reg_alpha=0.1, reg_lambda=5, silent=True,
               subsample=1.0, subsample_for_bin=200000, subsample_freq=0), display_format=None, display=None)
2021-10-14 06:39:42,376:INFO:Checking exceptions
2021-10-14 06:39:42,378:INFO:Preparing display monitor
2021-10-14 06:39:42,387:INFO:Preloading libraries
2021-10-14 06:39:42,407:INFO:Copying training dataset
2021-10-14 06:39:42,409:INFO:Copying test dataset
2021-10-14 06:39:42,410:INFO:Plot type: parameter
2021-10-14 06:39:42,422:INFO:Visual Rendered Successfully
2021-10-14 06:39:42,541:INFO:plot_model() succesfully completed......................................
2021-10-14 06:39:42,563:INFO:Initializing interpret_model()
2021-10-14 06:39:42,563:INFO:interpret_model(y_new_sample=None, X_new_sample=None, use_train_data=False, estimator=LGBMClassifier(bagging_fraction=1.0, bagging_freq=3, boosting_type='gbdt',
               class_weight=None, colsample_bytree=1.0, feature_fraction=0.4,
               importance_type='split', learning_rate=0.5, max_depth=-1,
               min_child_samples=66, min_child_weight=0.001, min_split_gain=0,
               n_estimators=240, n_jobs=-1, num_leaves=150, objective=None,
               random_state=458, reg_alpha=0.1, reg_lambda=5, silent=True,
               subsample=1.0, subsample_for_bin=200000, subsample_freq=0), save=False, plot=summary, observation=None, kwargs={}, feature=None)
2021-10-14 06:39:42,563:INFO:Checking exceptions
2021-10-14 06:39:42,941:INFO:plot type: summary
2021-10-14 06:39:42,941:INFO:Creating TreeExplainer
2021-10-14 06:39:43,116:INFO:Compiling shap values
2021-10-14 06:39:43,689:INFO:Visual Rendered Successfully
2021-10-14 06:39:43,691:INFO:interpret_model() succesfully completed......................................
2021-10-14 06:39:43,831:INFO:Initializing predict_model()
2021-10-14 06:39:43,831:INFO:predict_model(display=None, ml_usecase=MLUsecase.CLASSIFICATION, verbose=True, round=4, raw_score=False, encoded_labels=False, probability_threshold=None, estimator=LGBMClassifier(bagging_fraction=1.0, bagging_freq=3, boosting_type='gbdt',
               class_weight=None, colsample_bytree=1.0, feature_fraction=0.4,
               importance_type='split', learning_rate=0.5, max_depth=-1,
               min_child_samples=66, min_child_weight=0.001, min_split_gain=0,
               n_estimators=240, n_jobs=-1, num_leaves=150, objective=None,
               random_state=458, reg_alpha=0.1, reg_lambda=5, silent=True,
               subsample=1.0, subsample_for_bin=200000, subsample_freq=0))
2021-10-14 06:39:43,831:INFO:Checking exceptions
2021-10-14 06:39:43,831:INFO:Preloading libraries
2021-10-14 06:39:43,831:INFO:Preparing display monitor
2021-10-14 06:39:44,146:INFO:Initializing predict_model()
2021-10-14 06:39:44,147:INFO:predict_model(display=None, ml_usecase=MLUsecase.CLASSIFICATION, verbose=True, round=4, raw_score=False, encoded_labels=False, probability_threshold=None, estimator=LGBMClassifier(bagging_fraction=1.0, bagging_freq=3, boosting_type='gbdt',
               class_weight=None, colsample_bytree=1.0, feature_fraction=0.4,
               importance_type='split', learning_rate=0.5, max_depth=-1,
               min_child_samples=66, min_child_weight=0.001, min_split_gain=0,
               n_estimators=240, n_jobs=-1, num_leaves=150, objective=None,
               random_state=458, reg_alpha=0.1, reg_lambda=5, silent=True,
               subsample=1.0, subsample_for_bin=200000, subsample_freq=0))
2021-10-14 06:39:44,147:INFO:Checking exceptions
2021-10-14 06:39:44,147:INFO:Preloading libraries
2021-10-14 06:39:44,147:INFO:Preparing display monitor
2021-10-14 06:39:44,655:INFO:Initializing create_model()
2021-10-14 06:39:44,655:INFO:create_model(kwargs={}, display=None, add_to_model_list=True, metrics=None, system=True, verbose=True, refit=True, groups=None, fit_kwargs=None, predict=True, cross_validation=True, round=4, fold=None, estimator=lr)
2021-10-14 06:39:44,655:INFO:Checking exceptions
2021-10-14 06:39:44,656:INFO:Preparing display monitor
2021-10-14 06:39:44,684:INFO:Importing libraries
2021-10-14 06:39:44,684:INFO:Copying training dataset
2021-10-14 06:39:44,685:INFO:Defining folds
2021-10-14 06:39:44,686:INFO:Declaring metric variables
2021-10-14 06:39:44,696:INFO:Importing untrained model
2021-10-14 06:39:44,707:INFO:Logistic Regression Imported succesfully
2021-10-14 06:39:44,728:INFO:Starting cross validation
2021-10-14 06:39:44,729:INFO:Cross validating with StratifiedKFold(n_splits=10, random_state=None, shuffle=False), n_jobs=-1
2021-10-14 06:39:45,375:INFO:Calculating mean and std
2021-10-14 06:39:45,376:INFO:Creating metrics dataframe
2021-10-14 06:39:45,392:INFO:Finalizing model
2021-10-14 06:39:45,628:INFO:Uploading results into container
2021-10-14 06:39:45,629:INFO:Uploading model into container now
2021-10-14 06:39:45,714:INFO:create_model_container: 16
2021-10-14 06:39:45,715:INFO:master_model_container: 16
2021-10-14 06:39:45,715:INFO:display_container: 5
2021-10-14 06:39:45,716:INFO:LogisticRegression(C=1.0, class_weight=None, dual=False, fit_intercept=True,
                   intercept_scaling=1, l1_ratio=None, max_iter=1000,
                   multi_class='auto', n_jobs=None, penalty='l2',
                   random_state=458, solver='lbfgs', tol=0.0001, verbose=0,
                   warm_start=False)
2021-10-14 06:39:45,716:INFO:create_model() succesfully completed......................................
2021-10-14 06:39:45,843:INFO:Initializing blend_models()
2021-10-14 06:39:45,844:INFO:blend_models(display=None, verbose=True, groups=None, fit_kwargs=None, weights=None, method=auto, optimize=Accuracy, choose_better=False, round=4, fold=None, estimator_list=[LGBMClassifier(bagging_fraction=1.0, bagging_freq=3, boosting_type='gbdt',
               class_weight=None, colsample_bytree=1.0, feature_fraction=0.4,
               importance_type='split', learning_rate=0.5, max_depth=-1,
               min_child_samples=66, min_child_weight=0.001, min_split_gain=0,
               n_estimators=240, n_jobs=-1, num_leaves=150, objective=None,
               random_state=458, reg_alpha=0.1, reg_lambda=5, silent=True,
               subsample=1.0, subsample_for_bin=200000, subsample_freq=0), LogisticRegression(C=1.0, class_weight=None, dual=False, fit_intercept=True,
                   intercept_scaling=1, l1_ratio=None, max_iter=1000,
                   multi_class='auto', n_jobs=None, penalty='l2',
                   random_state=458, solver='lbfgs', tol=0.0001, verbose=0,
                   warm_start=False)])
2021-10-14 06:39:45,844:INFO:Checking exceptions
2021-10-14 06:39:45,845:INFO:Preparing display monitor
2021-10-14 06:39:45,867:INFO:Importing libraries
2021-10-14 06:39:45,867:INFO:Copying training dataset
2021-10-14 06:39:45,877:INFO:Getting model names
2021-10-14 06:39:45,887:INFO:SubProcess create_model() called ==================================
2021-10-14 06:39:45,891:INFO:Initializing create_model()
2021-10-14 06:39:45,892:INFO:create_model(kwargs={}, display=<pycaret.internal.Display.Display object at 0x7fbb300a4860>, add_to_model_list=True, metrics=None, system=False, verbose=True, refit=True, groups=None, fit_kwargs={}, predict=True, cross_validation=True, round=4, fold=StratifiedKFold(n_splits=10, random_state=None, shuffle=False), estimator=VotingClassifier(estimators=[('lightgbm',
                              LGBMClassifier(bagging_fraction=1.0,
                                             bagging_freq=3,
                                             boosting_type='gbdt',
                                             class_weight=None,
                                             colsample_bytree=1.0,
                                             feature_fraction=0.4,
                                             importance_type='split',
                                             learning_rate=0.5, max_depth=-1,
                                             min_child_samples=66,
                                             min_child_weight=0.001,
                                             min_split_gain=0, n_estimators=240,
                                             n_jobs=-1, num_leaves=150,
                                             objective=None, rand...
                                             subsample_for_bin=200000,
                                             subsample_freq=0)),
                             ('lr',
                              LogisticRegression(C=1.0, class_weight=None,
                                                 dual=False, fit_intercept=True,
                                                 intercept_scaling=1,
                                                 l1_ratio=None, max_iter=1000,
                                                 multi_class='auto',
                                                 n_jobs=None, penalty='l2',
                                                 random_state=458,
                                                 solver='lbfgs', tol=0.0001,
                                                 verbose=0,
                                                 warm_start=False))],
                 flatten_transform=True, n_jobs=-1, verbose=False,
                 voting='soft', weights=None))
2021-10-14 06:39:45,892:INFO:Checking exceptions
2021-10-14 06:39:45,892:INFO:Importing libraries
2021-10-14 06:39:45,892:INFO:Copying training dataset
2021-10-14 06:39:45,893:INFO:Defining folds
2021-10-14 06:39:45,893:INFO:Declaring metric variables
2021-10-14 06:39:45,904:INFO:Importing untrained model
2021-10-14 06:39:45,904:INFO:Declaring custom model
2021-10-14 06:39:45,917:INFO:Voting Classifier Imported succesfully
2021-10-14 06:39:45,939:INFO:Starting cross validation
2021-10-14 06:39:45,939:INFO:Cross validating with StratifiedKFold(n_splits=10, random_state=None, shuffle=False), n_jobs=-1
2021-10-14 06:39:47,104:INFO:Calculating mean and std
2021-10-14 06:39:47,105:INFO:Creating metrics dataframe
2021-10-14 06:39:47,120:INFO:Finalizing model
2021-10-14 06:39:47,279:INFO:Uploading results into container
2021-10-14 06:39:47,280:INFO:Uploading model into container now
2021-10-14 06:39:47,280:INFO:create_model_container: 17
2021-10-14 06:39:47,280:INFO:master_model_container: 17
2021-10-14 06:39:47,280:INFO:display_container: 6
2021-10-14 06:39:47,284:INFO:VotingClassifier(estimators=[('lightgbm',
                              LGBMClassifier(bagging_fraction=1.0,
                                             bagging_freq=3,
                                             boosting_type='gbdt',
                                             class_weight=None,
                                             colsample_bytree=1.0,
                                             feature_fraction=0.4,
                                             importance_type='split',
                                             learning_rate=0.5, max_depth=-1,
                                             min_child_samples=66,
                                             min_child_weight=0.001,
                                             min_split_gain=0, n_estimators=240,
                                             n_jobs=-1, num_leaves=150,
                                             objective=None, rand...
                                             subsample_for_bin=200000,
                                             subsample_freq=0)),
                             ('lr',
                              LogisticRegression(C=1.0, class_weight=None,
                                                 dual=False, fit_intercept=True,
                                                 intercept_scaling=1,
                                                 l1_ratio=None, max_iter=1000,
                                                 multi_class='auto',
                                                 n_jobs=None, penalty='l2',
                                                 random_state=458,
                                                 solver='lbfgs', tol=0.0001,
                                                 verbose=0,
                                                 warm_start=False))],
                 flatten_transform=True, n_jobs=-1, verbose=False,
                 voting='soft', weights=None)
2021-10-14 06:39:47,284:INFO:create_model() succesfully completed......................................
2021-10-14 06:39:47,399:INFO:SubProcess create_model() end ==================================
2021-10-14 06:39:47,442:INFO:create_model_container: 17
2021-10-14 06:39:47,442:INFO:master_model_container: 17
2021-10-14 06:39:47,442:INFO:display_container: 6
2021-10-14 06:39:47,446:INFO:VotingClassifier(estimators=[('lightgbm',
                              LGBMClassifier(bagging_fraction=1.0,
                                             bagging_freq=3,
                                             boosting_type='gbdt',
                                             class_weight=None,
                                             colsample_bytree=1.0,
                                             feature_fraction=0.4,
                                             importance_type='split',
                                             learning_rate=0.5, max_depth=-1,
                                             min_child_samples=66,
                                             min_child_weight=0.001,
                                             min_split_gain=0, n_estimators=240,
                                             n_jobs=-1, num_leaves=150,
                                             objective=None, rand...
                                             subsample_for_bin=200000,
                                             subsample_freq=0)),
                             ('lr',
                              LogisticRegression(C=1.0, class_weight=None,
                                                 dual=False, fit_intercept=True,
                                                 intercept_scaling=1,
                                                 l1_ratio=None, max_iter=1000,
                                                 multi_class='auto',
                                                 n_jobs=None, penalty='l2',
                                                 random_state=458,
                                                 solver='lbfgs', tol=0.0001,
                                                 verbose=0,
                                                 warm_start=False))],
                 flatten_transform=True, n_jobs=-1, verbose=False,
                 voting='soft', weights=None)
2021-10-14 06:39:47,446:INFO:blend_models() succesfully completed......................................
2021-10-14 06:39:47,748:INFO:PyCaret Supervised Module
2021-10-14 06:39:47,749:INFO:ML Usecase: regression
2021-10-14 06:39:47,749:INFO:version 2.3.4
2021-10-14 06:39:47,750:INFO:Initializing setup()
2021-10-14 06:39:47,750:INFO:setup(display=None, profile_kwargs=None, profile=False, verbose=True, silent=True, log_data=False, log_profile=False, log_plots=False, experiment_name=None, log_experiment=False, session_id=None, html=True, custom_pipeline=None, use_gpu=False, n_jobs=-1, fold_groups=None, fold_shuffle=False, fold=10, fold_strategy=kfold, data_split_stratify=False, data_split_shuffle=True, transform_target_method=box-cox, transform_target=False, fix_imbalance_method=None, fix_imbalance=False, interaction_threshold=0.01, feature_ratio=False, feature_interaction=False, feature_selection_method=classic, feature_selection_threshold=0.8, feature_selection=False, group_names=None, group_features=None, polynomial_threshold=0.1, trigonometry_features=False, polynomial_degree=2, polynomial_features=False, cluster_iter=20, create_clusters=False, remove_perfect_collinearity=True, multicollinearity_threshold=0.9, remove_multicollinearity=False, outliers_threshold=0.05, remove_outliers=False, bin_numeric_features=None, rare_level_threshold=0.1, combine_rare_levels=False, ignore_low_variance=False, pca_components=None, pca_method=linear, pca=False, unknown_categorical_method=least_frequent, handle_unknown_categorical=True, transformation_method=yeo-johnson, transformation=False, normalize_method=zscore, normalize=True, ignore_features=['Alley', 'PoolQC', 'MiscFeature', 'Fence', 'FireplaceQu', 'Utilities'], date_features=None, numeric_iterative_imputer=lightgbm, numeric_imputation=mean, numeric_features=None, high_cardinality_method=frequency, high_cardinality_features=None, ordinal_features=None, categorical_iterative_imputer=lightgbm, categorical_imputation=constant, categorical_features=['MSZoning', 'Exterior1st', 'Exterior2nd', 'KitchenQual', 'Functional', 'SaleType', 'Street', 'LotShape', 'LandContour', 'LotConfig', 'LandSlope', 'Neighborhood', 'Condition1', 'Condition2', 'BldgType', 'HouseStyle', 'RoofStyle', 'RoofMatl', 'MasVnrType', 'ExterQual', 'ExterCond', 'Foundation', 'BsmtQual', 'BsmtCond', 'BsmtExposure', 'BsmtFinType1', 'BsmtFinType2', 'Heating', 'HeatingQC', 'CentralAir', 'Electrical', 'GarageType', 'GarageFinish', 'GarageQual', 'GarageCond', 'PavedDrive', 'SaleCondition'], iterative_imputation_iters=5, imputation_type=simple, preprocess=True, test_data=None, train_size=0.7, available_plots={'parameter': 'Hyperparameters', 'residuals': 'Residuals', 'error': 'Prediction Error', 'cooks': 'Cooks Distance', 'rfe': 'Feature Selection', 'learning': 'Learning Curve', 'manifold': 'Manifold Learning', 'vc': 'Validation Curve', 'feature': 'Feature Importance', 'feature_all': 'Feature Importance (All)', 'tree': 'Decision Tree', 'residuals_interactive': 'Interactive Residuals'}, ml_usecase=regression, target=SalePrice)
2021-10-14 06:39:47,750:INFO:Checking environment
2021-10-14 06:39:47,750:INFO:python_version: 3.6.6
2021-10-14 06:39:47,750:INFO:python_build: ('default', 'Oct  9 2018 12:34:16')
2021-10-14 06:39:47,750:INFO:machine: x86_64
2021-10-14 06:39:47,750:INFO:platform: Linux-5.4.144+-x86_64-with-debian-9.9
2021-10-14 06:39:47,750:INFO:Memory: svmem(total=18881490944, available=17419116544, percent=7.7, used=1135607808, free=11455467520, active=2230751232, inactive=4548145152, buffers=1056022528, cached=5234393088, shared=897024, slab=539877376)
2021-10-14 06:39:47,751:INFO:Physical Core: 2
2021-10-14 06:39:47,751:INFO:Logical Core: 4
2021-10-14 06:39:47,751:INFO:Checking libraries
2021-10-14 06:39:47,751:INFO:pd==0.25.3
2021-10-14 06:39:47,751:INFO:numpy==1.18.2
2021-10-14 06:39:47,751:INFO:sklearn==0.23.2
2021-10-14 06:39:47,751:INFO:lightgbm==2.3.1
2021-10-14 06:39:47,751:INFO:catboost==0.22
2021-10-14 06:39:47,751:INFO:xgboost==1.0.2
2021-10-14 06:39:47,751:INFO:mlflow==1.20.2
2021-10-14 06:39:47,751:INFO:Checking Exceptions
2021-10-14 06:39:47,752:INFO:Declaring global variables
2021-10-14 06:39:47,752:INFO:USI: f50a
2021-10-14 06:39:47,752:INFO:pycaret_globals: {'fold_generator', '_all_metrics', '_all_models', 'imputation_regressor', 'fold_groups_param_full', 'USI', '_available_plots', 'X_train', '_all_models_internal', 'logging_param', '_internal_pipeline', 'imputation_classifier', 'display_container', 'fold_shuffle_param', 'target_param', '_ml_usecase', 'gpu_param', 'create_model_container', 'fold_param', 'y_test', 'transform_target_method_param', '_gpu_n_jobs_param', 'prep_pipe', 'data_before_preprocess', 'fix_imbalance_param', 'html_param', 'seed', 'stratify_param', 'fold_groups_param', 'exp_name_log', 'y_train', 'y', 'n_jobs_param', 'X', 'fix_imbalance_method_param', 'master_model_container', 'transform_target_param', 'iterative_imputation_iters_param', 'pycaret_globals', 'X_test', 'log_plots_param', 'experiment__'}
2021-10-14 06:39:47,752:INFO:Preparing display monitor
2021-10-14 06:39:47,752:INFO:Preparing display monitor
2021-10-14 06:39:47,768:INFO:Importing libraries
2021-10-14 06:39:47,768:INFO:Copying data for preprocessing
2021-10-14 06:39:47,778:INFO:Declaring preprocessing parameters
2021-10-14 06:39:47,782:INFO:Creating preprocessing pipeline
2021-10-14 06:39:47,842:INFO:Preprocessing pipeline created successfully
2021-10-14 06:39:47,842:ERROR:(Process Exit): setup has been interupted with user command 'quit'. setup must rerun.
2021-10-14 06:39:47,843:INFO:Creating global containers
2021-10-14 06:39:47,843:INFO:Internal pipeline: Pipeline(memory=None, steps=[('empty_step', 'passthrough')], verbose=False)
2021-10-14 06:39:49,944:WARNING:Wrong xgboost version. Expected xgboost>=1.1.0, got xgboost==1.0.2
2021-10-14 06:39:49,945:WARNING:Wrong catboost version. Expected catboost>=0.23.2, got catboost==0.22
2021-10-14 06:39:50,086:WARNING:Wrong xgboost version. Expected xgboost>=1.1.0, got xgboost==1.0.2
2021-10-14 06:39:50,087:WARNING:Wrong catboost version. Expected catboost>=0.23.2, got catboost==0.22
2021-10-14 06:39:50,087:INFO:Creating grid variables
2021-10-14 06:39:50,139:INFO:create_model_container: 0
2021-10-14 06:39:50,139:INFO:master_model_container: 0
2021-10-14 06:39:50,139:INFO:display_container: 1
2021-10-14 06:39:50,146:INFO:Pipeline(memory=None,
         steps=[('dtypes',
                 DataTypes_Auto_infer(categorical_features=['MSZoning',
                                                            'Exterior1st',
                                                            'Exterior2nd',
                                                            'KitchenQual',
                                                            'Functional',
                                                            'SaleType',
                                                            'Street',
                                                            'LotShape',
                                                            'LandContour',
                                                            'LotConfig',
                                                            'LandSlope',
                                                            'Neighborhood',
                                                            'Condition1',
                                                            'Condition2',
                                                            'BldgType',
                                                            'HouseStyle',
                                                            'RoofStyle',
                                                            'RoofMatl',
                                                            'MasVnrType',
                                                            'ExterQual',
                                                            'ExterCond',
                                                            'Foundati...
                ('P_transform', 'passthrough'), ('binn', 'passthrough'),
                ('rem_outliers', 'passthrough'), ('cluster_all', 'passthrough'),
                ('dummy', Dummify(target='SalePrice')),
                ('fix_perfect', Remove_100(target='SalePrice')),
                ('clean_names', Clean_Colum_Names()),
                ('feature_select', 'passthrough'), ('fix_multi', 'passthrough'),
                ('dfs', 'passthrough'), ('pca', 'passthrough')],
         verbose=False)
2021-10-14 06:39:50,146:INFO:setup() succesfully completed......................................
2021-10-14 06:39:50,279:INFO:Initializing compare_models()
2021-10-14 06:39:50,279:INFO:compare_models(display=None, verbose=True, groups=None, fit_kwargs=None, errors=ignore, turbo=True, budget_time=None, n_select=1, sort=R2, cross_validation=True, round=4, fold=None, include=None, exclude=None)
2021-10-14 06:39:50,279:INFO:Checking exceptions
2021-10-14 06:39:50,280:INFO:Preparing display monitor
2021-10-14 06:39:50,280:INFO:Preparing display monitor
2021-10-14 06:39:50,315:INFO:Initializing Linear Regression
2021-10-14 06:39:50,315:INFO:Total runtime is 6.159146626790364e-06 minutes
2021-10-14 06:39:50,325:INFO:SubProcess create_model() called ==================================
2021-10-14 06:39:50,326:INFO:Initializing create_model()
2021-10-14 06:39:50,326:INFO:create_model(kwargs={}, display=<pycaret.internal.Display.Display object at 0x7fbab3c0ac88>, add_to_model_list=True, metrics=None, system=False, verbose=False, refit=False, groups=None, fit_kwargs={}, predict=True, cross_validation=True, round=4, fold=KFold(n_splits=10, random_state=None, shuffle=False), estimator=lr)
2021-10-14 06:39:50,326:INFO:Checking exceptions
2021-10-14 06:39:50,326:INFO:Importing libraries
2021-10-14 06:39:50,326:INFO:Copying training dataset
2021-10-14 06:39:50,328:INFO:Defining folds
2021-10-14 06:39:50,328:INFO:Declaring metric variables
2021-10-14 06:39:50,338:INFO:Importing untrained model
2021-10-14 06:39:50,347:INFO:Linear Regression Imported succesfully
2021-10-14 06:39:50,367:INFO:Starting cross validation
2021-10-14 06:39:50,368:INFO:Cross validating with KFold(n_splits=10, random_state=None, shuffle=False), n_jobs=-1
2021-10-14 06:39:50,618:INFO:Calculating mean and std
2021-10-14 06:39:50,619:INFO:Creating metrics dataframe
2021-10-14 06:39:50,625:INFO:Uploading results into container
2021-10-14 06:39:50,626:INFO:Uploading model into container now
2021-10-14 06:39:50,626:INFO:create_model_container: 1
2021-10-14 06:39:50,626:INFO:master_model_container: 1
2021-10-14 06:39:50,626:INFO:display_container: 2
2021-10-14 06:39:50,627:INFO:LinearRegression(copy_X=True, fit_intercept=True, n_jobs=-1, normalize=False)
2021-10-14 06:39:50,627:INFO:create_model() succesfully completed......................................
2021-10-14 06:39:50,749:INFO:SubProcess create_model() end ==================================
2021-10-14 06:39:50,749:INFO:Creating metrics dataframe
2021-10-14 06:39:50,765:INFO:Initializing Lasso Regression
2021-10-14 06:39:50,765:INFO:Total runtime is 0.0075113813082377115 minutes
2021-10-14 06:39:50,777:INFO:SubProcess create_model() called ==================================
2021-10-14 06:39:50,777:INFO:Initializing create_model()
2021-10-14 06:39:50,778:INFO:create_model(kwargs={}, display=<pycaret.internal.Display.Display object at 0x7fbab3c0ac88>, add_to_model_list=True, metrics=None, system=False, verbose=False, refit=False, groups=None, fit_kwargs={}, predict=True, cross_validation=True, round=4, fold=KFold(n_splits=10, random_state=None, shuffle=False), estimator=lasso)
2021-10-14 06:39:50,778:INFO:Checking exceptions
2021-10-14 06:39:50,778:INFO:Importing libraries
2021-10-14 06:39:50,778:INFO:Copying training dataset
2021-10-14 06:39:50,780:INFO:Defining folds
2021-10-14 06:39:50,780:INFO:Declaring metric variables
2021-10-14 06:39:50,791:INFO:Importing untrained model
2021-10-14 06:39:50,802:INFO:Lasso Regression Imported succesfully
2021-10-14 06:39:50,824:INFO:Starting cross validation
2021-10-14 06:39:50,825:INFO:Cross validating with KFold(n_splits=10, random_state=None, shuffle=False), n_jobs=-1
2021-10-14 06:39:51,720:INFO:Calculating mean and std
2021-10-14 06:39:51,721:INFO:Creating metrics dataframe
2021-10-14 06:39:51,727:INFO:Uploading results into container
2021-10-14 06:39:51,728:INFO:Uploading model into container now
2021-10-14 06:39:51,728:INFO:create_model_container: 2
2021-10-14 06:39:51,728:INFO:master_model_container: 2
2021-10-14 06:39:51,728:INFO:display_container: 2
2021-10-14 06:39:51,728:INFO:Lasso(alpha=1.0, copy_X=True, fit_intercept=True, max_iter=1000,
      normalize=False, positive=False, precompute=False, random_state=7897,
      selection='cyclic', tol=0.0001, warm_start=False)
2021-10-14 06:39:51,729:INFO:create_model() succesfully completed......................................
2021-10-14 06:39:51,851:INFO:SubProcess create_model() end ==================================
2021-10-14 06:39:51,852:INFO:Creating metrics dataframe
2021-10-14 06:39:51,873:INFO:Initializing Ridge Regression
2021-10-14 06:39:51,874:INFO:Total runtime is 0.025985344250996908 minutes
2021-10-14 06:39:51,885:INFO:SubProcess create_model() called ==================================
2021-10-14 06:39:51,885:INFO:Initializing create_model()
2021-10-14 06:39:51,885:INFO:create_model(kwargs={}, display=<pycaret.internal.Display.Display object at 0x7fbab3c0ac88>, add_to_model_list=True, metrics=None, system=False, verbose=False, refit=False, groups=None, fit_kwargs={}, predict=True, cross_validation=True, round=4, fold=KFold(n_splits=10, random_state=None, shuffle=False), estimator=ridge)
2021-10-14 06:39:51,886:INFO:Checking exceptions
2021-10-14 06:39:51,886:INFO:Importing libraries
2021-10-14 06:39:51,886:INFO:Copying training dataset
2021-10-14 06:39:51,888:INFO:Defining folds
2021-10-14 06:39:51,888:INFO:Declaring metric variables
2021-10-14 06:39:51,898:INFO:Importing untrained model
2021-10-14 06:39:51,909:INFO:Ridge Regression Imported succesfully
2021-10-14 06:39:51,931:INFO:Starting cross validation
2021-10-14 06:39:51,932:INFO:Cross validating with KFold(n_splits=10, random_state=None, shuffle=False), n_jobs=-1
2021-10-14 06:39:52,093:INFO:Calculating mean and std
2021-10-14 06:39:52,094:INFO:Creating metrics dataframe
2021-10-14 06:39:52,101:INFO:Uploading results into container
2021-10-14 06:39:52,101:INFO:Uploading model into container now
2021-10-14 06:39:52,101:INFO:create_model_container: 3
2021-10-14 06:39:52,101:INFO:master_model_container: 3
2021-10-14 06:39:52,101:INFO:display_container: 2
2021-10-14 06:39:52,102:INFO:Ridge(alpha=1.0, copy_X=True, fit_intercept=True, max_iter=None,
      normalize=False, random_state=7897, solver='auto', tol=0.001)
2021-10-14 06:39:52,102:INFO:create_model() succesfully completed......................................
2021-10-14 06:39:52,223:INFO:SubProcess create_model() end ==================================
2021-10-14 06:39:52,223:INFO:Creating metrics dataframe
2021-10-14 06:39:52,247:INFO:Initializing Elastic Net
2021-10-14 06:39:52,248:INFO:Total runtime is 0.03221727609634399 minutes
2021-10-14 06:39:52,259:INFO:SubProcess create_model() called ==================================
2021-10-14 06:39:52,260:INFO:Initializing create_model()
2021-10-14 06:39:52,260:INFO:create_model(kwargs={}, display=<pycaret.internal.Display.Display object at 0x7fbab3c0ac88>, add_to_model_list=True, metrics=None, system=False, verbose=False, refit=False, groups=None, fit_kwargs={}, predict=True, cross_validation=True, round=4, fold=KFold(n_splits=10, random_state=None, shuffle=False), estimator=en)
2021-10-14 06:39:52,260:INFO:Checking exceptions
2021-10-14 06:39:52,261:INFO:Importing libraries
2021-10-14 06:39:52,261:INFO:Copying training dataset
2021-10-14 06:39:52,263:INFO:Defining folds
2021-10-14 06:39:52,263:INFO:Declaring metric variables
2021-10-14 06:39:52,273:INFO:Importing untrained model
2021-10-14 06:39:52,284:INFO:Elastic Net Imported succesfully
2021-10-14 06:39:52,307:INFO:Starting cross validation
2021-10-14 06:39:52,308:INFO:Cross validating with KFold(n_splits=10, random_state=None, shuffle=False), n_jobs=-1
2021-10-14 06:39:52,488:INFO:Calculating mean and std
2021-10-14 06:39:52,489:INFO:Creating metrics dataframe
2021-10-14 06:39:52,495:INFO:Uploading results into container
2021-10-14 06:39:52,495:INFO:Uploading model into container now
2021-10-14 06:39:52,495:INFO:create_model_container: 4
2021-10-14 06:39:52,495:INFO:master_model_container: 4
2021-10-14 06:39:52,495:INFO:display_container: 2
2021-10-14 06:39:52,496:INFO:ElasticNet(alpha=1.0, copy_X=True, fit_intercept=True, l1_ratio=0.5,
           max_iter=1000, normalize=False, positive=False, precompute=False,
           random_state=7897, selection='cyclic', tol=0.0001, warm_start=False)
2021-10-14 06:39:52,496:INFO:create_model() succesfully completed......................................
2021-10-14 06:39:52,625:INFO:SubProcess create_model() end ==================================
2021-10-14 06:39:52,626:INFO:Creating metrics dataframe
2021-10-14 06:39:52,658:INFO:Initializing Least Angle Regression
2021-10-14 06:39:52,659:INFO:Total runtime is 0.03906445900599161 minutes
2021-10-14 06:39:52,672:INFO:SubProcess create_model() called ==================================
2021-10-14 06:39:52,673:INFO:Initializing create_model()
2021-10-14 06:39:52,673:INFO:create_model(kwargs={}, display=<pycaret.internal.Display.Display object at 0x7fbab3c0ac88>, add_to_model_list=True, metrics=None, system=False, verbose=False, refit=False, groups=None, fit_kwargs={}, predict=True, cross_validation=True, round=4, fold=KFold(n_splits=10, random_state=None, shuffle=False), estimator=lar)
2021-10-14 06:39:52,673:INFO:Checking exceptions
2021-10-14 06:39:52,674:INFO:Importing libraries
2021-10-14 06:39:52,674:INFO:Copying training dataset
2021-10-14 06:39:52,676:INFO:Defining folds
2021-10-14 06:39:52,677:INFO:Declaring metric variables
2021-10-14 06:39:52,690:INFO:Importing untrained model
2021-10-14 06:39:52,701:INFO:Least Angle Regression Imported succesfully
2021-10-14 06:39:52,721:INFO:Starting cross validation
2021-10-14 06:39:52,723:INFO:Cross validating with KFold(n_splits=10, random_state=None, shuffle=False), n_jobs=-1
2021-10-14 06:39:53,202:WARNING:create_model() for lar raised an exception or returned all 0.0, trying without fit_kwargs:
2021-10-14 06:39:53,206:WARNING:joblib.externals.loky.process_executor._RemoteTraceback: 
"""
Traceback (most recent call last):
  File "/opt/conda/lib/python3.6/site-packages/joblib/externals/loky/process_executor.py", line 418, in _process_worker
    r = call_item()
  File "/opt/conda/lib/python3.6/site-packages/joblib/externals/loky/process_executor.py", line 272, in __call__
    return self.fn(*self.args, **self.kwargs)
  File "/opt/conda/lib/python3.6/site-packages/joblib/_parallel_backends.py", line 608, in __call__
    return self.func(*args, **kwargs)
  File "/opt/conda/lib/python3.6/site-packages/joblib/parallel.py", line 256, in __call__
    for func, args, kwargs in self.items]
  File "/opt/conda/lib/python3.6/site-packages/joblib/parallel.py", line 256, in <listcomp>
    for func, args, kwargs in self.items]
  File "/opt/conda/lib/python3.6/site-packages/sklearn/model_selection/_validation.py", line 560, in _fit_and_score
    test_scores = _score(estimator, X_test, y_test, scorer)
  File "/opt/conda/lib/python3.6/site-packages/sklearn/model_selection/_validation.py", line 607, in _score
    scores = scorer(estimator, X_test, y_test)
  File "/opt/conda/lib/python3.6/site-packages/sklearn/metrics/_scorer.py", line 88, in __call__
    *args, **kwargs)
  File "/opt/conda/lib/python3.6/site-packages/sklearn/metrics/_scorer.py", line 213, in _score
    **self._kwargs)
  File "/opt/conda/lib/python3.6/site-packages/sklearn/utils/validation.py", line 72, in inner_f
    return f(**kwargs)
  File "/opt/conda/lib/python3.6/site-packages/sklearn/metrics/_regression.py", line 179, in mean_absolute_error
    y_true, y_pred, multioutput)
  File "/opt/conda/lib/python3.6/site-packages/sklearn/metrics/_regression.py", line 86, in _check_reg_targets
    y_pred = check_array(y_pred, ensure_2d=False, dtype=dtype)
  File "/opt/conda/lib/python3.6/site-packages/sklearn/utils/validation.py", line 72, in inner_f
    return f(**kwargs)
  File "/opt/conda/lib/python3.6/site-packages/sklearn/utils/validation.py", line 645, in check_array
    allow_nan=force_all_finite == 'allow-nan')
  File "/opt/conda/lib/python3.6/site-packages/sklearn/utils/validation.py", line 99, in _assert_all_finite
    msg_dtype if msg_dtype is not None else X.dtype)
ValueError: Input contains NaN, infinity or a value too large for dtype('float64').
"""

The above exception was the direct cause of the following exception:

Traceback (most recent call last):
  File "/opt/conda/lib/python3.6/site-packages/pycaret/internal/tabular.py", line 2176, in compare_models
    refit=False,
  File "/opt/conda/lib/python3.6/site-packages/pycaret/internal/tabular.py", line 3155, in create_model_supervised
    error_score=0,
  File "/opt/conda/lib/python3.6/site-packages/sklearn/utils/validation.py", line 72, in inner_f
    return f(**kwargs)
  File "/opt/conda/lib/python3.6/site-packages/sklearn/model_selection/_validation.py", line 248, in cross_validate
    for train, test in cv.split(X, y, groups))
  File "/opt/conda/lib/python3.6/site-packages/joblib/parallel.py", line 1017, in __call__
    self.retrieve()
  File "/opt/conda/lib/python3.6/site-packages/joblib/parallel.py", line 909, in retrieve
    self._output.extend(job.get(timeout=self.timeout))
  File "/opt/conda/lib/python3.6/site-packages/joblib/_parallel_backends.py", line 562, in wrap_future_result
    return future.result(timeout=timeout)
  File "/opt/conda/lib/python3.6/concurrent/futures/_base.py", line 432, in result
    return self.__get_result()
  File "/opt/conda/lib/python3.6/concurrent/futures/_base.py", line 384, in __get_result
    raise self._exception
ValueError: Input contains NaN, infinity or a value too large for dtype('float64').

2021-10-14 06:39:53,207:INFO:Initializing create_model()
2021-10-14 06:39:53,207:INFO:create_model(kwargs={}, display=<pycaret.internal.Display.Display object at 0x7fbab3c0ac88>, add_to_model_list=True, metrics=None, system=False, verbose=False, refit=False, groups=None, fit_kwargs=None, predict=True, cross_validation=True, round=4, fold=KFold(n_splits=10, random_state=None, shuffle=False), estimator=lar)
2021-10-14 06:39:53,207:INFO:Checking exceptions
2021-10-14 06:39:53,207:INFO:Importing libraries
2021-10-14 06:39:53,207:INFO:Copying training dataset
2021-10-14 06:39:53,209:INFO:Defining folds
2021-10-14 06:39:53,209:INFO:Declaring metric variables
2021-10-14 06:39:53,221:INFO:Importing untrained model
2021-10-14 06:39:53,232:INFO:Least Angle Regression Imported succesfully
2021-10-14 06:39:53,253:INFO:Starting cross validation
2021-10-14 06:39:53,254:INFO:Cross validating with KFold(n_splits=10, random_state=None, shuffle=False), n_jobs=-1
2021-10-14 06:39:56,891:ERROR:create_model() for lar raised an exception or returned all 0.0:
2021-10-14 06:39:56,892:ERROR:joblib.externals.loky.process_executor._RemoteTraceback: 
"""
Traceback (most recent call last):
  File "/opt/conda/lib/python3.6/site-packages/joblib/externals/loky/process_executor.py", line 418, in _process_worker
    r = call_item()
  File "/opt/conda/lib/python3.6/site-packages/joblib/externals/loky/process_executor.py", line 272, in __call__
    return self.fn(*self.args, **self.kwargs)
  File "/opt/conda/lib/python3.6/site-packages/joblib/_parallel_backends.py", line 608, in __call__
    return self.func(*args, **kwargs)
  File "/opt/conda/lib/python3.6/site-packages/joblib/parallel.py", line 256, in __call__
    for func, args, kwargs in self.items]
  File "/opt/conda/lib/python3.6/site-packages/joblib/parallel.py", line 256, in <listcomp>
    for func, args, kwargs in self.items]
  File "/opt/conda/lib/python3.6/site-packages/sklearn/model_selection/_validation.py", line 560, in _fit_and_score
    test_scores = _score(estimator, X_test, y_test, scorer)
  File "/opt/conda/lib/python3.6/site-packages/sklearn/model_selection/_validation.py", line 607, in _score
    scores = scorer(estimator, X_test, y_test)
  File "/opt/conda/lib/python3.6/site-packages/sklearn/metrics/_scorer.py", line 88, in __call__
    *args, **kwargs)
  File "/opt/conda/lib/python3.6/site-packages/sklearn/metrics/_scorer.py", line 213, in _score
    **self._kwargs)
  File "/opt/conda/lib/python3.6/site-packages/sklearn/utils/validation.py", line 72, in inner_f
    return f(**kwargs)
  File "/opt/conda/lib/python3.6/site-packages/sklearn/metrics/_regression.py", line 179, in mean_absolute_error
    y_true, y_pred, multioutput)
  File "/opt/conda/lib/python3.6/site-packages/sklearn/metrics/_regression.py", line 86, in _check_reg_targets
    y_pred = check_array(y_pred, ensure_2d=False, dtype=dtype)
  File "/opt/conda/lib/python3.6/site-packages/sklearn/utils/validation.py", line 72, in inner_f
    return f(**kwargs)
  File "/opt/conda/lib/python3.6/site-packages/sklearn/utils/validation.py", line 645, in check_array
    allow_nan=force_all_finite == 'allow-nan')
  File "/opt/conda/lib/python3.6/site-packages/sklearn/utils/validation.py", line 99, in _assert_all_finite
    msg_dtype if msg_dtype is not None else X.dtype)
ValueError: Input contains NaN, infinity or a value too large for dtype('float64').
"""

The above exception was the direct cause of the following exception:

Traceback (most recent call last):
  File "/opt/conda/lib/python3.6/site-packages/pycaret/internal/tabular.py", line 2195, in compare_models
    refit=False,
  File "/opt/conda/lib/python3.6/site-packages/pycaret/internal/tabular.py", line 3155, in create_model_supervised
    error_score=0,
  File "/opt/conda/lib/python3.6/site-packages/sklearn/utils/validation.py", line 72, in inner_f
    return f(**kwargs)
  File "/opt/conda/lib/python3.6/site-packages/sklearn/model_selection/_validation.py", line 248, in cross_validate
    for train, test in cv.split(X, y, groups))
  File "/opt/conda/lib/python3.6/site-packages/joblib/parallel.py", line 1017, in __call__
    self.retrieve()
  File "/opt/conda/lib/python3.6/site-packages/joblib/parallel.py", line 909, in retrieve
    self._output.extend(job.get(timeout=self.timeout))
  File "/opt/conda/lib/python3.6/site-packages/joblib/_parallel_backends.py", line 562, in wrap_future_result
    return future.result(timeout=timeout)
  File "/opt/conda/lib/python3.6/concurrent/futures/_base.py", line 425, in result
    return self.__get_result()
  File "/opt/conda/lib/python3.6/concurrent/futures/_base.py", line 384, in __get_result
    raise self._exception
ValueError: Input contains NaN, infinity or a value too large for dtype('float64').

2021-10-14 06:39:56,892:INFO:Initializing Lasso Least Angle Regression
2021-10-14 06:39:56,892:INFO:Total runtime is 0.10962539513905842 minutes
2021-10-14 06:39:56,906:INFO:SubProcess create_model() called ==================================
2021-10-14 06:39:56,906:INFO:Initializing create_model()
2021-10-14 06:39:56,906:INFO:create_model(kwargs={}, display=<pycaret.internal.Display.Display object at 0x7fbab3c0ac88>, add_to_model_list=True, metrics=None, system=False, verbose=False, refit=False, groups=None, fit_kwargs={}, predict=True, cross_validation=True, round=4, fold=KFold(n_splits=10, random_state=None, shuffle=False), estimator=llar)
2021-10-14 06:39:56,906:INFO:Checking exceptions
2021-10-14 06:39:56,907:INFO:Importing libraries
2021-10-14 06:39:56,907:INFO:Copying training dataset
2021-10-14 06:39:56,909:INFO:Defining folds
2021-10-14 06:39:56,909:INFO:Declaring metric variables
2021-10-14 06:39:56,919:INFO:Importing untrained model
2021-10-14 06:39:56,928:INFO:Lasso Least Angle Regression Imported succesfully
2021-10-14 06:39:56,947:INFO:Starting cross validation
2021-10-14 06:39:56,948:INFO:Cross validating with KFold(n_splits=10, random_state=None, shuffle=False), n_jobs=-1
2021-10-14 06:40:00,882:INFO:Calculating mean and std
2021-10-14 06:40:00,884:INFO:Creating metrics dataframe
2021-10-14 06:40:00,891:INFO:Uploading results into container
2021-10-14 06:40:00,891:INFO:Uploading model into container now
2021-10-14 06:40:00,891:INFO:create_model_container: 5
2021-10-14 06:40:00,892:INFO:master_model_container: 5
2021-10-14 06:40:00,892:INFO:display_container: 2
2021-10-14 06:40:00,892:INFO:LassoLars(alpha=1.0, copy_X=True, eps=2.220446049250313e-16, fit_intercept=True,
          fit_path=True, jitter=None, max_iter=500, normalize=True,
          positive=False, precompute='auto', random_state=7897, verbose=False)
2021-10-14 06:40:00,892:INFO:create_model() succesfully completed......................................
2021-10-14 06:40:01,035:INFO:SubProcess create_model() end ==================================
2021-10-14 06:40:01,035:INFO:Creating metrics dataframe
2021-10-14 06:40:01,064:INFO:Initializing Orthogonal Matching Pursuit
2021-10-14 06:40:01,064:INFO:Total runtime is 0.17915971676508585 minutes
2021-10-14 06:40:01,076:INFO:SubProcess create_model() called ==================================
2021-10-14 06:40:01,077:INFO:Initializing create_model()
2021-10-14 06:40:01,077:INFO:create_model(kwargs={}, display=<pycaret.internal.Display.Display object at 0x7fbab3c0ac88>, add_to_model_list=True, metrics=None, system=False, verbose=False, refit=False, groups=None, fit_kwargs={}, predict=True, cross_validation=True, round=4, fold=KFold(n_splits=10, random_state=None, shuffle=False), estimator=omp)
2021-10-14 06:40:01,077:INFO:Checking exceptions
2021-10-14 06:40:01,077:INFO:Importing libraries
2021-10-14 06:40:01,077:INFO:Copying training dataset
2021-10-14 06:40:01,080:INFO:Defining folds
2021-10-14 06:40:01,080:INFO:Declaring metric variables
2021-10-14 06:40:01,090:INFO:Importing untrained model
2021-10-14 06:40:01,100:INFO:Orthogonal Matching Pursuit Imported succesfully
2021-10-14 06:40:01,121:INFO:Starting cross validation
2021-10-14 06:40:01,122:INFO:Cross validating with KFold(n_splits=10, random_state=None, shuffle=False), n_jobs=-1
2021-10-14 06:40:01,283:INFO:Calculating mean and std
2021-10-14 06:40:01,284:INFO:Creating metrics dataframe
2021-10-14 06:40:01,290:INFO:Uploading results into container
2021-10-14 06:40:01,290:INFO:Uploading model into container now
2021-10-14 06:40:01,290:INFO:create_model_container: 6
2021-10-14 06:40:01,290:INFO:master_model_container: 6
2021-10-14 06:40:01,291:INFO:display_container: 2
2021-10-14 06:40:01,291:INFO:OrthogonalMatchingPursuit(fit_intercept=True, n_nonzero_coefs=None,
                          normalize=True, precompute='auto', tol=None)
2021-10-14 06:40:01,291:INFO:create_model() succesfully completed......................................
2021-10-14 06:40:01,411:INFO:SubProcess create_model() end ==================================
2021-10-14 06:40:01,411:INFO:Creating metrics dataframe
2021-10-14 06:40:01,439:INFO:Initializing Bayesian Ridge
2021-10-14 06:40:01,439:INFO:Total runtime is 0.18540352980295816 minutes
2021-10-14 06:40:01,450:INFO:SubProcess create_model() called ==================================
2021-10-14 06:40:01,451:INFO:Initializing create_model()
2021-10-14 06:40:01,451:INFO:create_model(kwargs={}, display=<pycaret.internal.Display.Display object at 0x7fbab3c0ac88>, add_to_model_list=True, metrics=None, system=False, verbose=False, refit=False, groups=None, fit_kwargs={}, predict=True, cross_validation=True, round=4, fold=KFold(n_splits=10, random_state=None, shuffle=False), estimator=br)
2021-10-14 06:40:01,451:INFO:Checking exceptions
2021-10-14 06:40:01,451:INFO:Importing libraries
2021-10-14 06:40:01,451:INFO:Copying training dataset
2021-10-14 06:40:01,453:INFO:Defining folds
2021-10-14 06:40:01,453:INFO:Declaring metric variables
2021-10-14 06:40:01,463:INFO:Importing untrained model
2021-10-14 06:40:01,474:INFO:Bayesian Ridge Imported succesfully
2021-10-14 06:40:01,497:INFO:Starting cross validation
2021-10-14 06:40:01,498:INFO:Cross validating with KFold(n_splits=10, random_state=None, shuffle=False), n_jobs=-1
2021-10-14 06:40:02,786:INFO:Calculating mean and std
2021-10-14 06:40:02,788:INFO:Creating metrics dataframe
2021-10-14 06:40:02,795:INFO:Uploading results into container
2021-10-14 06:40:02,795:INFO:Uploading model into container now
2021-10-14 06:40:02,795:INFO:create_model_container: 7
2021-10-14 06:40:02,795:INFO:master_model_container: 7
2021-10-14 06:40:02,795:INFO:display_container: 2
2021-10-14 06:40:02,796:INFO:BayesianRidge(alpha_1=1e-06, alpha_2=1e-06, alpha_init=None,
              compute_score=False, copy_X=True, fit_intercept=True,
              lambda_1=1e-06, lambda_2=1e-06, lambda_init=None, n_iter=300,
              normalize=False, tol=0.001, verbose=False)
2021-10-14 06:40:02,796:INFO:create_model() succesfully completed......................................
2021-10-14 06:40:02,919:INFO:SubProcess create_model() end ==================================
2021-10-14 06:40:02,919:INFO:Creating metrics dataframe
2021-10-14 06:40:02,960:INFO:Initializing Passive Aggressive Regressor
2021-10-14 06:40:02,960:INFO:Total runtime is 0.21075890858968097 minutes
2021-10-14 06:40:02,976:INFO:SubProcess create_model() called ==================================
2021-10-14 06:40:02,977:INFO:Initializing create_model()
2021-10-14 06:40:02,977:INFO:create_model(kwargs={}, display=<pycaret.internal.Display.Display object at 0x7fbab3c0ac88>, add_to_model_list=True, metrics=None, system=False, verbose=False, refit=False, groups=None, fit_kwargs={}, predict=True, cross_validation=True, round=4, fold=KFold(n_splits=10, random_state=None, shuffle=False), estimator=par)
2021-10-14 06:40:02,978:INFO:Checking exceptions
2021-10-14 06:40:02,978:INFO:Importing libraries
2021-10-14 06:40:02,978:INFO:Copying training dataset
2021-10-14 06:40:02,980:INFO:Defining folds
2021-10-14 06:40:02,980:INFO:Declaring metric variables
2021-10-14 06:40:02,991:INFO:Importing untrained model
2021-10-14 06:40:03,001:INFO:Passive Aggressive Regressor Imported succesfully
2021-10-14 06:40:03,024:INFO:Starting cross validation
2021-10-14 06:40:03,025:INFO:Cross validating with KFold(n_splits=10, random_state=None, shuffle=False), n_jobs=-1
2021-10-14 06:40:08,684:INFO:Calculating mean and std
2021-10-14 06:40:08,685:INFO:Creating metrics dataframe
2021-10-14 06:40:08,691:INFO:Uploading results into container
2021-10-14 06:40:08,691:INFO:Uploading model into container now
2021-10-14 06:40:08,691:INFO:create_model_container: 8
2021-10-14 06:40:08,691:INFO:master_model_container: 8
2021-10-14 06:40:08,691:INFO:display_container: 2
2021-10-14 06:40:08,692:INFO:PassiveAggressiveRegressor(C=1.0, average=False, early_stopping=False,
                           epsilon=0.1, fit_intercept=True,
                           loss='epsilon_insensitive', max_iter=1000,
                           n_iter_no_change=5, random_state=7897, shuffle=True,
                           tol=0.001, validation_fraction=0.1, verbose=0,
                           warm_start=False)
2021-10-14 06:40:08,692:INFO:create_model() succesfully completed......................................
2021-10-14 06:40:08,812:INFO:SubProcess create_model() end ==================================
2021-10-14 06:40:08,813:INFO:Creating metrics dataframe
2021-10-14 06:40:08,846:INFO:Initializing Huber Regressor
2021-10-14 06:40:08,846:INFO:Total runtime is 0.3088541269302368 minutes
2021-10-14 06:40:08,857:INFO:SubProcess create_model() called ==================================
2021-10-14 06:40:08,858:INFO:Initializing create_model()
2021-10-14 06:40:08,858:INFO:create_model(kwargs={}, display=<pycaret.internal.Display.Display object at 0x7fbab3c0ac88>, add_to_model_list=True, metrics=None, system=False, verbose=False, refit=False, groups=None, fit_kwargs={}, predict=True, cross_validation=True, round=4, fold=KFold(n_splits=10, random_state=None, shuffle=False), estimator=huber)
2021-10-14 06:40:08,858:INFO:Checking exceptions
2021-10-14 06:40:08,859:INFO:Importing libraries
2021-10-14 06:40:08,859:INFO:Copying training dataset
2021-10-14 06:40:08,860:INFO:Defining folds
2021-10-14 06:40:08,861:INFO:Declaring metric variables
2021-10-14 06:40:08,872:INFO:Importing untrained model
2021-10-14 06:40:08,882:INFO:Huber Regressor Imported succesfully
2021-10-14 06:40:08,902:INFO:Starting cross validation
2021-10-14 06:40:08,903:INFO:Cross validating with KFold(n_splits=10, random_state=None, shuffle=False), n_jobs=-1
2021-10-14 06:40:10,630:INFO:Calculating mean and std
2021-10-14 06:40:10,632:INFO:Creating metrics dataframe
2021-10-14 06:40:10,638:INFO:Uploading results into container
2021-10-14 06:40:10,638:INFO:Uploading model into container now
2021-10-14 06:40:10,638:INFO:create_model_container: 9
2021-10-14 06:40:10,638:INFO:master_model_container: 9
2021-10-14 06:40:10,639:INFO:display_container: 2
2021-10-14 06:40:10,639:INFO:HuberRegressor(alpha=0.0001, epsilon=1.35, fit_intercept=True, max_iter=100,
               tol=1e-05, warm_start=False)
2021-10-14 06:40:10,640:INFO:create_model() succesfully completed......................................
2021-10-14 06:40:10,764:INFO:SubProcess create_model() end ==================================
2021-10-14 06:40:10,764:INFO:Creating metrics dataframe
2021-10-14 06:40:10,799:INFO:Initializing K Neighbors Regressor
2021-10-14 06:40:10,800:INFO:Total runtime is 0.34141353368759153 minutes
2021-10-14 06:40:10,810:INFO:SubProcess create_model() called ==================================
2021-10-14 06:40:10,810:INFO:Initializing create_model()
2021-10-14 06:40:10,811:INFO:create_model(kwargs={}, display=<pycaret.internal.Display.Display object at 0x7fbab3c0ac88>, add_to_model_list=True, metrics=None, system=False, verbose=False, refit=False, groups=None, fit_kwargs={}, predict=True, cross_validation=True, round=4, fold=KFold(n_splits=10, random_state=None, shuffle=False), estimator=knn)
2021-10-14 06:40:10,811:INFO:Checking exceptions
2021-10-14 06:40:10,811:INFO:Importing libraries
2021-10-14 06:40:10,811:INFO:Copying training dataset
2021-10-14 06:40:10,813:INFO:Defining folds
2021-10-14 06:40:10,813:INFO:Declaring metric variables
2021-10-14 06:40:10,822:INFO:Importing untrained model
2021-10-14 06:40:10,831:INFO:K Neighbors Regressor Imported succesfully
2021-10-14 06:40:10,849:INFO:Starting cross validation
2021-10-14 06:40:10,850:INFO:Cross validating with KFold(n_splits=10, random_state=None, shuffle=False), n_jobs=-1
2021-10-14 06:40:11,404:INFO:Calculating mean and std
2021-10-14 06:40:11,406:INFO:Creating metrics dataframe
2021-10-14 06:40:11,412:INFO:Uploading results into container
2021-10-14 06:40:11,412:INFO:Uploading model into container now
2021-10-14 06:40:11,412:INFO:create_model_container: 10
2021-10-14 06:40:11,412:INFO:master_model_container: 10
2021-10-14 06:40:11,413:INFO:display_container: 2
2021-10-14 06:40:11,413:INFO:KNeighborsRegressor(algorithm='auto', leaf_size=30, metric='minkowski',
                    metric_params=None, n_jobs=-1, n_neighbors=5, p=2,
                    weights='uniform')
2021-10-14 06:40:11,413:INFO:create_model() succesfully completed......................................
2021-10-14 06:40:11,535:INFO:SubProcess create_model() end ==================================
2021-10-14 06:40:11,535:INFO:Creating metrics dataframe
2021-10-14 06:40:11,573:INFO:Initializing Decision Tree Regressor
2021-10-14 06:40:11,573:INFO:Total runtime is 0.35430134932200114 minutes
2021-10-14 06:40:11,583:INFO:SubProcess create_model() called ==================================
2021-10-14 06:40:11,583:INFO:Initializing create_model()
2021-10-14 06:40:11,583:INFO:create_model(kwargs={}, display=<pycaret.internal.Display.Display object at 0x7fbab3c0ac88>, add_to_model_list=True, metrics=None, system=False, verbose=False, refit=False, groups=None, fit_kwargs={}, predict=True, cross_validation=True, round=4, fold=KFold(n_splits=10, random_state=None, shuffle=False), estimator=dt)
2021-10-14 06:40:11,583:INFO:Checking exceptions
2021-10-14 06:40:11,583:INFO:Importing libraries
2021-10-14 06:40:11,583:INFO:Copying training dataset
2021-10-14 06:40:11,585:INFO:Defining folds
2021-10-14 06:40:11,585:INFO:Declaring metric variables
2021-10-14 06:40:11,594:INFO:Importing untrained model
2021-10-14 06:40:11,605:INFO:Decision Tree Regressor Imported succesfully
2021-10-14 06:40:11,628:INFO:Starting cross validation
2021-10-14 06:40:11,629:INFO:Cross validating with KFold(n_splits=10, random_state=None, shuffle=False), n_jobs=-1
2021-10-14 06:40:11,938:INFO:Calculating mean and std
2021-10-14 06:40:11,939:INFO:Creating metrics dataframe
2021-10-14 06:40:11,946:INFO:Uploading results into container
2021-10-14 06:40:11,946:INFO:Uploading model into container now
2021-10-14 06:40:11,946:INFO:create_model_container: 11
2021-10-14 06:40:11,947:INFO:master_model_container: 11
2021-10-14 06:40:11,947:INFO:display_container: 2
2021-10-14 06:40:11,947:INFO:DecisionTreeRegressor(ccp_alpha=0.0, criterion='mse', max_depth=None,
                      max_features=None, max_leaf_nodes=None,
                      min_impurity_decrease=0.0, min_impurity_split=None,
                      min_samples_leaf=1, min_samples_split=2,
                      min_weight_fraction_leaf=0.0, presort='deprecated',
                      random_state=7897, splitter='best')
2021-10-14 06:40:11,947:INFO:create_model() succesfully completed......................................
2021-10-14 06:40:12,070:INFO:SubProcess create_model() end ==================================
2021-10-14 06:40:12,070:INFO:Creating metrics dataframe
2021-10-14 06:40:12,110:INFO:Initializing Random Forest Regressor
2021-10-14 06:40:12,111:INFO:Total runtime is 0.3632659316062927 minutes
2021-10-14 06:40:12,122:INFO:SubProcess create_model() called ==================================
2021-10-14 06:40:12,123:INFO:Initializing create_model()
2021-10-14 06:40:12,124:INFO:create_model(kwargs={}, display=<pycaret.internal.Display.Display object at 0x7fbab3c0ac88>, add_to_model_list=True, metrics=None, system=False, verbose=False, refit=False, groups=None, fit_kwargs={}, predict=True, cross_validation=True, round=4, fold=KFold(n_splits=10, random_state=None, shuffle=False), estimator=rf)
2021-10-14 06:40:12,124:INFO:Checking exceptions
2021-10-14 06:40:12,124:INFO:Importing libraries
2021-10-14 06:40:12,124:INFO:Copying training dataset
2021-10-14 06:40:12,126:INFO:Defining folds
2021-10-14 06:40:12,126:INFO:Declaring metric variables
2021-10-14 06:40:12,137:INFO:Importing untrained model
2021-10-14 06:40:12,148:INFO:Random Forest Regressor Imported succesfully
2021-10-14 06:40:12,170:INFO:Starting cross validation
2021-10-14 06:40:12,172:INFO:Cross validating with KFold(n_splits=10, random_state=None, shuffle=False), n_jobs=-1
2021-10-14 06:40:24,220:INFO:Calculating mean and std
2021-10-14 06:40:24,221:INFO:Creating metrics dataframe
2021-10-14 06:40:24,227:INFO:Uploading results into container
2021-10-14 06:40:24,228:INFO:Uploading model into container now
2021-10-14 06:40:24,228:INFO:create_model_container: 12
2021-10-14 06:40:24,228:INFO:master_model_container: 12
2021-10-14 06:40:24,228:INFO:display_container: 2
2021-10-14 06:40:24,229:INFO:RandomForestRegressor(bootstrap=True, ccp_alpha=0.0, criterion='mse',
                      max_depth=None, max_features='auto', max_leaf_nodes=None,
                      max_samples=None, min_impurity_decrease=0.0,
                      min_impurity_split=None, min_samples_leaf=1,
                      min_samples_split=2, min_weight_fraction_leaf=0.0,
                      n_estimators=100, n_jobs=-1, oob_score=False,
                      random_state=7897, verbose=0, warm_start=False)
2021-10-14 06:40:24,229:INFO:create_model() succesfully completed......................................
2021-10-14 06:40:24,350:INFO:SubProcess create_model() end ==================================
2021-10-14 06:40:24,351:INFO:Creating metrics dataframe
2021-10-14 06:40:24,393:INFO:Initializing Extra Trees Regressor
2021-10-14 06:40:24,393:INFO:Total runtime is 0.5679774403572082 minutes
2021-10-14 06:40:24,404:INFO:SubProcess create_model() called ==================================
2021-10-14 06:40:24,405:INFO:Initializing create_model()
2021-10-14 06:40:24,405:INFO:create_model(kwargs={}, display=<pycaret.internal.Display.Display object at 0x7fbab3c0ac88>, add_to_model_list=True, metrics=None, system=False, verbose=False, refit=False, groups=None, fit_kwargs={}, predict=True, cross_validation=True, round=4, fold=KFold(n_splits=10, random_state=None, shuffle=False), estimator=et)
2021-10-14 06:40:24,406:INFO:Checking exceptions
2021-10-14 06:40:24,406:INFO:Importing libraries
2021-10-14 06:40:24,406:INFO:Copying training dataset
2021-10-14 06:40:24,408:INFO:Defining folds
2021-10-14 06:40:24,408:INFO:Declaring metric variables
2021-10-14 06:40:24,419:INFO:Importing untrained model
2021-10-14 06:40:24,431:INFO:Extra Trees Regressor Imported succesfully
2021-10-14 06:40:24,453:INFO:Starting cross validation
2021-10-14 06:40:24,454:INFO:Cross validating with KFold(n_splits=10, random_state=None, shuffle=False), n_jobs=-1
2021-10-14 06:40:37,355:INFO:Calculating mean and std
2021-10-14 06:40:37,356:INFO:Creating metrics dataframe
2021-10-14 06:40:37,362:INFO:Uploading results into container
2021-10-14 06:40:37,362:INFO:Uploading model into container now
2021-10-14 06:40:37,363:INFO:create_model_container: 13
2021-10-14 06:40:37,363:INFO:master_model_container: 13
2021-10-14 06:40:37,363:INFO:display_container: 2
2021-10-14 06:40:37,364:INFO:ExtraTreesRegressor(bootstrap=False, ccp_alpha=0.0, criterion='mse',
                    max_depth=None, max_features='auto', max_leaf_nodes=None,
                    max_samples=None, min_impurity_decrease=0.0,
                    min_impurity_split=None, min_samples_leaf=1,
                    min_samples_split=2, min_weight_fraction_leaf=0.0,
                    n_estimators=100, n_jobs=-1, oob_score=False,
                    random_state=7897, verbose=0, warm_start=False)
2021-10-14 06:40:37,364:INFO:create_model() succesfully completed......................................
2021-10-14 06:40:37,487:INFO:SubProcess create_model() end ==================================
2021-10-14 06:40:37,487:INFO:Creating metrics dataframe
2021-10-14 06:40:37,529:INFO:Initializing AdaBoost Regressor
2021-10-14 06:40:37,530:INFO:Total runtime is 0.7869152983029684 minutes
2021-10-14 06:40:37,540:INFO:SubProcess create_model() called ==================================
2021-10-14 06:40:37,540:INFO:Initializing create_model()
2021-10-14 06:40:37,540:INFO:create_model(kwargs={}, display=<pycaret.internal.Display.Display object at 0x7fbab3c0ac88>, add_to_model_list=True, metrics=None, system=False, verbose=False, refit=False, groups=None, fit_kwargs={}, predict=True, cross_validation=True, round=4, fold=KFold(n_splits=10, random_state=None, shuffle=False), estimator=ada)
2021-10-14 06:40:37,540:INFO:Checking exceptions
2021-10-14 06:40:37,540:INFO:Importing libraries
2021-10-14 06:40:37,541:INFO:Copying training dataset
2021-10-14 06:40:37,542:INFO:Defining folds
2021-10-14 06:40:37,542:INFO:Declaring metric variables
2021-10-14 06:40:37,551:INFO:Importing untrained model
2021-10-14 06:40:37,561:INFO:AdaBoost Regressor Imported succesfully
2021-10-14 06:40:37,583:INFO:Starting cross validation
2021-10-14 06:40:37,584:INFO:Cross validating with KFold(n_splits=10, random_state=None, shuffle=False), n_jobs=-1
2021-10-14 06:40:39,898:INFO:Calculating mean and std
2021-10-14 06:40:39,900:INFO:Creating metrics dataframe
2021-10-14 06:40:39,906:INFO:Uploading results into container
2021-10-14 06:40:39,906:INFO:Uploading model into container now
2021-10-14 06:40:39,907:INFO:create_model_container: 14
2021-10-14 06:40:39,907:INFO:master_model_container: 14
2021-10-14 06:40:39,907:INFO:display_container: 2
2021-10-14 06:40:39,907:INFO:AdaBoostRegressor(base_estimator=None, learning_rate=1.0, loss='linear',
                  n_estimators=50, random_state=7897)
2021-10-14 06:40:39,907:INFO:create_model() succesfully completed......................................
2021-10-14 06:40:40,030:INFO:SubProcess create_model() end ==================================
2021-10-14 06:40:40,030:INFO:Creating metrics dataframe
2021-10-14 06:40:40,077:INFO:Initializing Gradient Boosting Regressor
2021-10-14 06:40:40,078:INFO:Total runtime is 0.8293804049491883 minutes
2021-10-14 06:40:40,088:INFO:SubProcess create_model() called ==================================
2021-10-14 06:40:40,088:INFO:Initializing create_model()
2021-10-14 06:40:40,089:INFO:create_model(kwargs={}, display=<pycaret.internal.Display.Display object at 0x7fbab3c0ac88>, add_to_model_list=True, metrics=None, system=False, verbose=False, refit=False, groups=None, fit_kwargs={}, predict=True, cross_validation=True, round=4, fold=KFold(n_splits=10, random_state=None, shuffle=False), estimator=gbr)
2021-10-14 06:40:40,089:INFO:Checking exceptions
2021-10-14 06:40:40,089:INFO:Importing libraries
2021-10-14 06:40:40,089:INFO:Copying training dataset
2021-10-14 06:40:40,091:INFO:Defining folds
2021-10-14 06:40:40,091:INFO:Declaring metric variables
2021-10-14 06:40:40,101:INFO:Importing untrained model
2021-10-14 06:40:40,112:INFO:Gradient Boosting Regressor Imported succesfully
2021-10-14 06:40:40,134:INFO:Starting cross validation
2021-10-14 06:40:40,135:INFO:Cross validating with KFold(n_splits=10, random_state=None, shuffle=False), n_jobs=-1
2021-10-14 06:40:43,916:INFO:Calculating mean and std
2021-10-14 06:40:43,918:INFO:Creating metrics dataframe
2021-10-14 06:40:43,924:INFO:Uploading results into container
2021-10-14 06:40:43,925:INFO:Uploading model into container now
2021-10-14 06:40:43,925:INFO:create_model_container: 15
2021-10-14 06:40:43,925:INFO:master_model_container: 15
2021-10-14 06:40:43,925:INFO:display_container: 2
2021-10-14 06:40:43,926:INFO:GradientBoostingRegressor(alpha=0.9, ccp_alpha=0.0, criterion='friedman_mse',
                          init=None, learning_rate=0.1, loss='ls', max_depth=3,
                          max_features=None, max_leaf_nodes=None,
                          min_impurity_decrease=0.0, min_impurity_split=None,
                          min_samples_leaf=1, min_samples_split=2,
                          min_weight_fraction_leaf=0.0, n_estimators=100,
                          n_iter_no_change=None, presort='deprecated',
                          random_state=7897, subsample=1.0, tol=0.0001,
                          validation_fraction=0.1, verbose=0, warm_start=False)
2021-10-14 06:40:43,926:INFO:create_model() succesfully completed......................................
2021-10-14 06:40:44,047:INFO:SubProcess create_model() end ==================================
2021-10-14 06:40:44,047:INFO:Creating metrics dataframe
2021-10-14 06:40:44,094:INFO:Initializing Light Gradient Boosting Machine
2021-10-14 06:40:44,095:INFO:Total runtime is 0.89632941087087 minutes
2021-10-14 06:40:44,105:INFO:SubProcess create_model() called ==================================
2021-10-14 06:40:44,106:INFO:Initializing create_model()
2021-10-14 06:40:44,106:INFO:create_model(kwargs={}, display=<pycaret.internal.Display.Display object at 0x7fbab3c0ac88>, add_to_model_list=True, metrics=None, system=False, verbose=False, refit=False, groups=None, fit_kwargs={}, predict=True, cross_validation=True, round=4, fold=KFold(n_splits=10, random_state=None, shuffle=False), estimator=lightgbm)
2021-10-14 06:40:44,106:INFO:Checking exceptions
2021-10-14 06:40:44,106:INFO:Importing libraries
2021-10-14 06:40:44,106:INFO:Copying training dataset
2021-10-14 06:40:44,108:INFO:Defining folds
2021-10-14 06:40:44,108:INFO:Declaring metric variables
2021-10-14 06:40:44,117:INFO:Importing untrained model
2021-10-14 06:40:44,127:INFO:Light Gradient Boosting Machine Imported succesfully
2021-10-14 06:40:44,149:INFO:Starting cross validation
2021-10-14 06:40:44,150:INFO:Cross validating with KFold(n_splits=10, random_state=None, shuffle=False), n_jobs=-1
2021-10-14 06:40:46,206:INFO:Calculating mean and std
2021-10-14 06:40:46,208:INFO:Creating metrics dataframe
2021-10-14 06:40:46,214:INFO:Uploading results into container
2021-10-14 06:40:46,214:INFO:Uploading model into container now
2021-10-14 06:40:46,214:INFO:create_model_container: 16
2021-10-14 06:40:46,214:INFO:master_model_container: 16
2021-10-14 06:40:46,214:INFO:display_container: 2
2021-10-14 06:40:46,215:INFO:LGBMRegressor(boosting_type='gbdt', class_weight=None, colsample_bytree=1.0,
              importance_type='split', learning_rate=0.1, max_depth=-1,
              min_child_samples=20, min_child_weight=0.001, min_split_gain=0.0,
              n_estimators=100, n_jobs=-1, num_leaves=31, objective=None,
              random_state=7897, reg_alpha=0.0, reg_lambda=0.0, silent=True,
              subsample=1.0, subsample_for_bin=200000, subsample_freq=0)
2021-10-14 06:40:46,215:INFO:create_model() succesfully completed......................................
2021-10-14 06:40:46,336:INFO:SubProcess create_model() end ==================================
2021-10-14 06:40:46,336:INFO:Creating metrics dataframe
2021-10-14 06:40:46,415:INFO:Initializing create_model()
2021-10-14 06:40:46,416:INFO:create_model(kwargs={}, display=None, add_to_model_list=True, metrics=None, system=False, verbose=False, refit=True, groups=None, fit_kwargs={}, predict=False, cross_validation=False, round=4, fold=KFold(n_splits=10, random_state=None, shuffle=False), estimator=LGBMRegressor(boosting_type='gbdt', class_weight=None, colsample_bytree=1.0,
              importance_type='split', learning_rate=0.1, max_depth=-1,
              min_child_samples=20, min_child_weight=0.001, min_split_gain=0.0,
              n_estimators=100, n_jobs=-1, num_leaves=31, objective=None,
              random_state=7897, reg_alpha=0.0, reg_lambda=0.0, silent=True,
              subsample=1.0, subsample_for_bin=200000, subsample_freq=0))
2021-10-14 06:40:46,416:INFO:Checking exceptions
2021-10-14 06:40:46,416:INFO:Importing libraries
2021-10-14 06:40:46,416:INFO:Copying training dataset
2021-10-14 06:40:46,417:INFO:Defining folds
2021-10-14 06:40:46,417:INFO:Declaring metric variables
2021-10-14 06:40:46,417:INFO:Importing untrained model
2021-10-14 06:40:46,417:INFO:Declaring custom model
2021-10-14 06:40:46,418:INFO:Light Gradient Boosting Machine Imported succesfully
2021-10-14 06:40:46,419:INFO:Cross validation set to False
2021-10-14 06:40:46,419:INFO:Fitting Model
2021-10-14 06:40:46,704:INFO:LGBMRegressor(boosting_type='gbdt', class_weight=None, colsample_bytree=1.0,
              importance_type='split', learning_rate=0.1, max_depth=-1,
              min_child_samples=20, min_child_weight=0.001, min_split_gain=0.0,
              n_estimators=100, n_jobs=-1, num_leaves=31, objective=None,
              random_state=7897, reg_alpha=0.0, reg_lambda=0.0, silent=True,
              subsample=1.0, subsample_for_bin=200000, subsample_freq=0)
2021-10-14 06:40:46,704:INFO:create_models() succesfully completed......................................
2021-10-14 06:40:46,972:INFO:create_model_container: 16
2021-10-14 06:40:46,973:INFO:master_model_container: 16
2021-10-14 06:40:46,973:INFO:display_container: 2
2021-10-14 06:40:46,974:INFO:LGBMRegressor(boosting_type='gbdt', class_weight=None, colsample_bytree=1.0,
              importance_type='split', learning_rate=0.1, max_depth=-1,
              min_child_samples=20, min_child_weight=0.001, min_split_gain=0.0,
              n_estimators=100, n_jobs=-1, num_leaves=31, objective=None,
              random_state=7897, reg_alpha=0.0, reg_lambda=0.0, silent=True,
              subsample=1.0, subsample_for_bin=200000, subsample_freq=0)
2021-10-14 06:40:46,974:INFO:compare_models() succesfully completed......................................
2021-10-14 06:40:47,116:INFO:Initializing create_model()
2021-10-14 06:40:47,117:INFO:create_model(kwargs={}, display=None, add_to_model_list=True, metrics=None, system=True, verbose=True, refit=True, groups=None, fit_kwargs=None, predict=True, cross_validation=True, round=4, fold=None, estimator=lightgbm)
2021-10-14 06:40:47,117:INFO:Checking exceptions
2021-10-14 06:40:47,117:INFO:Preparing display monitor
2021-10-14 06:40:47,142:INFO:Importing libraries
2021-10-14 06:40:47,142:INFO:Copying training dataset
2021-10-14 06:40:47,144:INFO:Defining folds
2021-10-14 06:40:47,145:INFO:Declaring metric variables
2021-10-14 06:40:47,155:INFO:Importing untrained model
2021-10-14 06:40:47,166:INFO:Light Gradient Boosting Machine Imported succesfully
2021-10-14 06:40:47,186:INFO:Starting cross validation
2021-10-14 06:40:47,187:INFO:Cross validating with KFold(n_splits=10, random_state=None, shuffle=False), n_jobs=-1
2021-10-14 06:40:49,572:INFO:Calculating mean and std
2021-10-14 06:40:49,574:INFO:Creating metrics dataframe
2021-10-14 06:40:49,588:INFO:Finalizing model
2021-10-14 06:40:49,869:INFO:Uploading results into container
2021-10-14 06:40:49,869:INFO:Uploading model into container now
2021-10-14 06:40:49,907:INFO:create_model_container: 17
2021-10-14 06:40:49,907:INFO:master_model_container: 17
2021-10-14 06:40:49,907:INFO:display_container: 3
2021-10-14 06:40:49,908:INFO:LGBMRegressor(boosting_type='gbdt', class_weight=None, colsample_bytree=1.0,
              importance_type='split', learning_rate=0.1, max_depth=-1,
              min_child_samples=20, min_child_weight=0.001, min_split_gain=0.0,
              n_estimators=100, n_jobs=-1, num_leaves=31, objective=None,
              random_state=7897, reg_alpha=0.0, reg_lambda=0.0, silent=True,
              subsample=1.0, subsample_for_bin=200000, subsample_freq=0)
2021-10-14 06:40:49,908:INFO:create_model() succesfully completed......................................
2021-10-14 06:40:50,047:INFO:Initializing tune_model()
2021-10-14 06:40:50,047:INFO:tune_model(kwargs={}, display=None, tuner_verbose=True, verbose=True, return_tuner=False, groups=None, fit_kwargs=None, choose_better=False, early_stopping_max_iters=10, early_stopping=False, search_algorithm=None, search_library=scikit-learn, custom_scorer=None, optimize=R2, custom_grid=None, n_iter=10, round=4, fold=None, estimator=LGBMRegressor(boosting_type='gbdt', class_weight=None, colsample_bytree=1.0,
              importance_type='split', learning_rate=0.1, max_depth=-1,
              min_child_samples=20, min_child_weight=0.001, min_split_gain=0.0,
              n_estimators=100, n_jobs=-1, num_leaves=31, objective=None,
              random_state=7897, reg_alpha=0.0, reg_lambda=0.0, silent=True,
              subsample=1.0, subsample_for_bin=200000, subsample_freq=0))
2021-10-14 06:40:50,047:INFO:Checking exceptions
2021-10-14 06:40:50,047:INFO:Preparing display monitor
2021-10-14 06:40:50,071:INFO:Copying training dataset
2021-10-14 06:40:50,073:INFO:Checking base model
2021-10-14 06:40:50,073:INFO:Base model : Light Gradient Boosting Machine
2021-10-14 06:40:50,084:INFO:Declaring metric variables
2021-10-14 06:40:50,095:INFO:Defining Hyperparameters
2021-10-14 06:40:50,214:INFO:Tuning with n_jobs=-1
2021-10-14 06:40:50,215:INFO:Initializing RandomizedSearchCV
2021-10-14 06:41:01,077:INFO:best_params: {'actual_estimator__reg_lambda': 0.001, 'actual_estimator__reg_alpha': 0.5, 'actual_estimator__num_leaves': 2, 'actual_estimator__n_estimators': 280, 'actual_estimator__min_split_gain': 0.8, 'actual_estimator__min_child_samples': 21, 'actual_estimator__learning_rate': 0.4, 'actual_estimator__feature_fraction': 0.8, 'actual_estimator__bagging_freq': 7, 'actual_estimator__bagging_fraction': 1.0}
2021-10-14 06:41:01,078:INFO:Hyperparameter search completed
2021-10-14 06:41:01,078:INFO:SubProcess create_model() called ==================================
2021-10-14 06:41:01,079:INFO:Initializing create_model()
2021-10-14 06:41:01,079:INFO:create_model(kwargs={'reg_lambda': 0.001, 'reg_alpha': 0.5, 'num_leaves': 2, 'n_estimators': 280, 'min_split_gain': 0.8, 'min_child_samples': 21, 'learning_rate': 0.4, 'feature_fraction': 0.8, 'bagging_freq': 7, 'bagging_fraction': 1.0}, display=<pycaret.internal.Display.Display object at 0x7fbb08268c88>, add_to_model_list=True, metrics=None, system=False, verbose=True, refit=True, groups=None, fit_kwargs={}, predict=True, cross_validation=True, round=4, fold=KFold(n_splits=10, random_state=None, shuffle=False), estimator=LGBMRegressor(boosting_type='gbdt', class_weight=None, colsample_bytree=1.0,
              importance_type='split', learning_rate=0.1, max_depth=-1,
              min_child_samples=20, min_child_weight=0.001, min_split_gain=0.0,
              n_estimators=100, n_jobs=-1, num_leaves=31, objective=None,
              random_state=7897, reg_alpha=0.0, reg_lambda=0.0, silent=True,
              subsample=1.0, subsample_for_bin=200000, subsample_freq=0))
2021-10-14 06:41:01,079:INFO:Checking exceptions
2021-10-14 06:41:01,080:INFO:Importing libraries
2021-10-14 06:41:01,080:INFO:Copying training dataset
2021-10-14 06:41:01,082:INFO:Defining folds
2021-10-14 06:41:01,082:INFO:Declaring metric variables
2021-10-14 06:41:01,093:INFO:Importing untrained model
2021-10-14 06:41:01,094:INFO:Declaring custom model
2021-10-14 06:41:01,105:INFO:Light Gradient Boosting Machine Imported succesfully
2021-10-14 06:41:01,126:INFO:Starting cross validation
2021-10-14 06:41:01,127:INFO:Cross validating with KFold(n_splits=10, random_state=None, shuffle=False), n_jobs=-1
2021-10-14 06:41:02,215:INFO:Calculating mean and std
2021-10-14 06:41:02,216:INFO:Creating metrics dataframe
2021-10-14 06:41:02,232:INFO:Finalizing model
2021-10-14 06:41:02,361:INFO:Uploading results into container
2021-10-14 06:41:02,361:INFO:Uploading model into container now
2021-10-14 06:41:02,362:INFO:create_model_container: 18
2021-10-14 06:41:02,362:INFO:master_model_container: 18
2021-10-14 06:41:02,362:INFO:display_container: 4
2021-10-14 06:41:02,362:INFO:LGBMRegressor(bagging_fraction=1.0, bagging_freq=7, boosting_type='gbdt',
              class_weight=None, colsample_bytree=1.0, feature_fraction=0.8,
              importance_type='split', learning_rate=0.4, max_depth=-1,
              min_child_samples=21, min_child_weight=0.001, min_split_gain=0.8,
              n_estimators=280, n_jobs=-1, num_leaves=2, objective=None,
              random_state=7897, reg_alpha=0.5, reg_lambda=0.001, silent=True,
              subsample=1.0, subsample_for_bin=200000, subsample_freq=0)
2021-10-14 06:41:02,363:INFO:create_model() succesfully completed......................................
2021-10-14 06:41:02,482:INFO:SubProcess create_model() end ==================================
2021-10-14 06:41:02,521:INFO:create_model_container: 18
2021-10-14 06:41:02,521:INFO:master_model_container: 18
2021-10-14 06:41:02,522:INFO:display_container: 4
2021-10-14 06:41:02,522:INFO:LGBMRegressor(bagging_fraction=1.0, bagging_freq=7, boosting_type='gbdt',
              class_weight=None, colsample_bytree=1.0, feature_fraction=0.8,
              importance_type='split', learning_rate=0.4, max_depth=-1,
              min_child_samples=21, min_child_weight=0.001, min_split_gain=0.8,
              n_estimators=280, n_jobs=-1, num_leaves=2, objective=None,
              random_state=7897, reg_alpha=0.5, reg_lambda=0.001, silent=True,
              subsample=1.0, subsample_for_bin=200000, subsample_freq=0)
2021-10-14 06:41:02,523:INFO:tune_model() succesfully completed......................................
2021-10-14 06:41:02,668:INFO:Initializing interpret_model()
2021-10-14 06:41:02,669:INFO:interpret_model(y_new_sample=None, X_new_sample=None, use_train_data=False, estimator=LGBMRegressor(bagging_fraction=1.0, bagging_freq=7, boosting_type='gbdt',
              class_weight=None, colsample_bytree=1.0, feature_fraction=0.8,
              importance_type='split', learning_rate=0.4, max_depth=-1,
              min_child_samples=21, min_child_weight=0.001, min_split_gain=0.8,
              n_estimators=280, n_jobs=-1, num_leaves=2, objective=None,
              random_state=7897, reg_alpha=0.5, reg_lambda=0.001, silent=True,
              subsample=1.0, subsample_for_bin=200000, subsample_freq=0), save=False, plot=summary, observation=None, kwargs={}, feature=None)
2021-10-14 06:41:02,669:INFO:Checking exceptions
2021-10-14 06:41:02,669:INFO:plot type: summary
2021-10-14 06:41:02,670:INFO:Creating TreeExplainer
2021-10-14 06:41:02,817:INFO:Compiling shap values
2021-10-14 06:41:03,415:INFO:Visual Rendered Successfully
2021-10-14 06:41:03,416:INFO:interpret_model() succesfully completed......................................
2021-10-14 06:41:03,554:INFO:Initializing predict_model()
2021-10-14 06:41:03,555:INFO:predict_model(display=None, ml_usecase=MLUsecase.REGRESSION, verbose=True, round=4, raw_score=False, encoded_labels=True, probability_threshold=None, estimator=LGBMRegressor(bagging_fraction=1.0, bagging_freq=7, boosting_type='gbdt',
              class_weight=None, colsample_bytree=1.0, feature_fraction=0.8,
              importance_type='split', learning_rate=0.4, max_depth=-1,
              min_child_samples=21, min_child_weight=0.001, min_split_gain=0.8,
              n_estimators=280, n_jobs=-1, num_leaves=2, objective=None,
              random_state=7897, reg_alpha=0.5, reg_lambda=0.001, silent=True,
              subsample=1.0, subsample_for_bin=200000, subsample_freq=0))
2021-10-14 06:41:03,555:INFO:Checking exceptions
2021-10-14 06:41:03,555:INFO:Preloading libraries
2021-10-14 06:41:03,555:INFO:Preparing display monitor
